8v56ye5j,Adamjstone,gb
48g0ldyx,JimB,de
e8ekwd80,Megami_infini,pl
8d37kmgx,Zirams,us
e8ed7m2x,Mr_Freet,gb
86vrl7pj,MeowMeow,us
86nd71px,FozyCX,ca
jmo7k1e8,diablerie,us
e8ezrq68,Yale,us
86nrnlpx,Etayas,at
5j531knx,Klb,us
qjngpw28,ElliottTTV,us
j92py2r8,AragoldMate,gb
e8e5w328,SamuelSD7,us
j0n1rr48,Stompee,us
j42pk0lx,CrashCraftPro,no
dx3m3wk8,Boosius,us
zx72wq87,Sonicshadowsilver2,us
48gvoey8,Circinus,gb
qj2735n8,GamerJ7,us
8l03d7v8,Tankk,jp
e8en9r28,Aaron,gb
48g573rj,janglestorm,nl
18vvny8l,ZEN_Ivan,ru
18ql4qjn,sogevince,fr
y8ddnwl8,Paico,br
dx31oq8l,NaruSnake,fr
xz9qner8,Kbbb_Rage,ar
8d33mlgx,rodekbz21,mx
zx7rz70j,Appeasive,us
qjngldq8,Icenine,br
qjnv0l48,Dewystine,us
8qrgry0j,Lil_Yeety,us
pj0d19mx,BigSid119,us
kj9ld2rj,NeZCheese,de
8rp230qj,No-Last-Name,fr
zx7pv4rx,jsloth,fi
x72wmr08,1800POOPNOW,im
v81dq238,pinchy55,au
zxz2lgex,mog,jp
v8lo778m,nes,ph
v8l2ng7x,SukeSJ,no
jp45ey4j,Eliassock,ca
xyrq29mj,Peaostrel,ru
pj06on3j,StarFalco64,us
y8deq75j,EvolvesZ,de
1xy2vky8,Beruno16,pt
pj09ze9j,TallTarnation,at
68we7v48,Anthony99,au
8g501ypj,Voidedd,us
dx31poe8,Balneor,fr
8qzplkq8,Viixie_,gb
j0ngzp48,PhilthyPhil16,us
18qdy4dx,Westerlyace,mx
j5vkd1q8,loginipanini,us
x7q9zrq8,Jack_Woods,mx
xy5mm2v8,SHLONGSTER,us
v81vm7q8,auxitoro,ca
98r169wj,Ceriel,us
y8dm9gg8,YuaRyuc,jp
o866z38z,DJBunyan,us
18qkwnd8,TrainerYellow,us
qjn1ddd8,Zojalyx,us
o86y93wj,dlimes13,us
8qzp57d8,Overdrıve300,fr
j2ydgzp8,Trendkill14,ca
48g4rgy8,EndyEndy,us
e8eoendj,DJRebirth,us
8wlk46qj,NotWarriors644,us
pj09wrrj,Frachi,se
jo3pm30j,pile,us
zxz9k7n8,tarnawina,pl
8qzoq978,KumaKhan22,us
jo2gre38,fejmis1337,pl
7j4wopmx,white_moth,us
1xy5kdz8,MetalGlennSolid,us
8rpqkk6j,TaZ_R2,fr
qxkqpnkx,UmbreSR,us
kjplg2k8,Dinosaur,us
kjpy4l2j,El_Dorado,jp
5j5gpk68,sophLUL,fr
8rprm4wj,electricpants,us
pj0wr0r8,YoBGS,us
0jm9ez81,Shib,us
y8d3gox6,LiquidWiFi,au
1xydmymx,MaxClash101,us
98r0oe68,Persona,nl
jop9v6lx,catnoodle28,jp
xkoyrz28,superpepperoni,br
v81kerlj,death_master_d,ua
x35w7e7j,Naestrinus,fr
jmok95n8,ph112358,us
18vk6oej,SHiFT,us
18ql9n7j,Nonreallity,us
jprzz0k8,GetSmiggy,us
48g2zrjp,fern,sv
v81kdrjp,CaneofPacci,us
8q3o1poj,Kingofthestrokes,us
v815pqjp,MrPupG,us
8q35qgdj,TheLightningStrikes,nl
86v0k73j,Iontayst,ar
48gewpjp,Zibang,fi
j03qqkrj,duck68,us
1xy5q3w8,Spenito,ca
48gmzrp8,Alexual,us
8qr091wj,DrewPag,us
48gre37x,poppenheim,jp
18voo6vx,KiddlesP,ca
98rp1y3j,RadioGaming,ca
v817kkq8,Gnarly_Turtle,us
xkorkwm8,thebagler5,us
zxz0rn8q,CrAwEk,fr
jop2no7x,pkalox,gr
18vk4eej,FireStriker,au
j51dvd68,Jaszczuru,pl
xko17l68,Crystls,aq
0jmo54z8,Metako,gb
j032vowj,Gustavo_Kennedy,br
18ved75j,C_DOS_KEZ,gb
xk4g4wmj,Anju_del,mx
5j5yw5n8,ZodiacTommy,nl
x3mq3rk8,ComradeNeuro,ug
j426ywvx,tayon,cz
e8e3enoj,ZMistero,us
18q95yqj,Insomnimatic,us
x3qvn3ej,Ultimate_Friend,us
1xyqvpv8,IcKY,us
j42qvmlx,seedyskip,us
j517rkg8,Brogdini,us
xk4r119j,Supaspageti101,us
v81vy6p8,GoomBayPacker,us
jpr9yw28,MexicanMaiden,us
xz79yg0j,jazz_bears,us
v8lprrjm,Chubbus,us
jo3ko0lj,Lezzy,no
j5vo6zg8,Piotrequu,pl
5j59v5wx,LukeSaward,gb
jn3775dx,speedy2007,nl
jmo6q0y8,Glennjamin,us
1xyrv0mj,mobius,au
kjpeyg2x,AppreciativeWalrus,us
8d3ym45x,Xarxid,pl
8r23263x,Ventilo_,fr
8v5dp5vj,MrsLuigiVargas,us
x7mq6lyx,Slerder,de
8dwy12gj,Simplistic_Memes,us
xk43kl6j,Xensation,ca
zx7nz0q8,Sylvan,fi
kjpzw54x,Novaqustune,fr
zx7wdv08,timmyshotgun,mq
zxzk21nx,OboeMasterOzzy,us
o86v950j,AdrianVG,us
zxzomn8q,sva,jp
18vvryn8,H-N-G,de
kj922qr8,Lyliya,fr
5j55wynj,Darkmistral,fi
18v3dn5x,Nicsi,it
zx75pqr8,Cal_SR,gb
o86pyd5j,NLD72,gb
7j4dq6lj,echofade,us
zx70q3yj,Michael_Jittery,us
1xy5d0w8,Jesse_Lee,us
x353ol6j,CodeBlue,us
xzllyv98,InfrontOfTheMeme,gb
0jmo7lz8,Tinnue,de
jn33go4x,Xander_721,de
j2wg9q6j,Arcotoko,ca
18qvw9ox,Sizzyl,vn
8gegzwyj,De_Lirium,gb
814qln38,BusterSwordd,us
jope9l0x,Metamerism,us
qjoz6238,NinjastarReviews,aq
1xyo3nvj,LarviStar,us
v8l09rv8,GameGlitchGuy,us
o863yl58,dosboxfalco,us
xy5lg5z8,kors26,de
zxz9wyn8,howl2140,pa
x7q46rq8,vappex,br
98rv3qj1,Roda,us
v816dnlx,SilentMartyr,us
1xy7yzxr,N4KM1,cl
kj9dqrwx,Madhyama,de
pj0y0pwx,edboi,ca
qj2y0lp8,ciyon,us
zx7zy2q8,BiGz,gb
98r2zkdx,Shanezell,us
kjpy5yyj,Dchaps,ca
qxk1q6j0,LuizMiguel,br
v8l49wrj,PenguinNinja,us
kjp26d0x,RanScot,us
xyl2nlvj,Rapswig,br
y8d4vg86,Obiyo,ca
qjo09nj6,KalarMar,se
8gr5pqpx,elliots007,gb
8rpl62wj,Jaedentothefuture,us
pj0m9lwx,ElBuenEji,ar
v8l635r8,Gigo,ca
zx7zo4y8,Discarteco,us
0jm5glzx,Xynto,us
xy51zqm8,stuco,us
5j5qggjv,Yogidamonk,us
x3q1ezqj,sen_ju,jp
j0n40248,TheChaosGoddess,us
dx3qq7jl,kuitar,be
68w9m3vj,Decapent316,ca
jmo669o8,SirRocafort,es
48ge6kyj,maxylobes,us
5j51v3w8,DarQ_Massacres,ca
o86wkm3x,mynameisAndy,us
qjomg13x,EvilelF,us
j92p40o8,Blooshy,fr
jmol06y8,deltadoid,us
0jmo9dz8,LanceLM,es
qj2dy468,InuGakushin,jp
48gneq2j,tonyy,br
v81k0erj,Charlieboy,us
j2yqd1n8,kelerdin,de
x7q91yy8,Pikalex04,it
j2w6527j,Phenix759,ca
j0ngz4m8,ElOtakuCanario,es
jprp7428,Johann_J,de
7j4ve2wj,yamachan,jp
81616v3x,Baasbennie,nl
8wl5pr4j,FULGOR,ru
18vr1g5x,0063617368,us
jmlmznz8,bill_dep,gb
qj23r6lx,theRPGchick,us
8r7w21wj,LI_Relic,us
5j52r5zj,R0main,fr
v81pd58p,Slucky,us
j5wyrg6j,TheMahr,at
kj9greox,funkyorange,fi
jpm3qyyj,Lagusa,es
qxk4dkj0,jymotion,us
0jmoo1z8,ali,us
qxke337x,lostontheinternet,it
jnz6y02j,KenMastersWetDream,us
8rpv4gwj,Mathercist,us
68w51z8g,roryextralife,gb
8lpo5nlj,Cub4x,es
18ve6ryj,Yoho9000,us
e8ek7mp8,SwaggBae,us
y8d365x6,werster,au
0jmz7yex,TaylorSwiftFan03,gb
v8l0l148,Eddward,pl
18vn7yjl,narl_7r,jp
5j5zwv6j,underwatersmoking,us
jo350wnj,brt3_CBR,jp
8l497rrj,Ligthgear,py
8g521pyj,sniper_nas41,jp
v8125zqj,BluJaga,us
816n23lx,Forrrrrge,us
kj9y7y7x,fireproofnas,au
y8d6dz5x,Xan,br
18vwgvjl,RawDerps,us
zxz79knj,MegaSpeedXtreme,gb
8enz6kp8,C_E_,de
8wk04938,Dampe_td,au
xyr0vlmj,RayaRoentgen,de
863wol58,cetacea8,ca
j0n40ew8,MarceloMK,br
v8141g38,JKxWinG,de
jmommdn8,white_sedan,us
98r7k6j1,VoiDTTV,us
8634vzp8,AceMoon1974,pl
qxkzg1mx,HurricaneMixer,us
18v1gly8,Bronkel,de
zx793d6j,kenshireando,ar
zxz1yenj,nos_vagner,br
jp4o95yj,CmSpeedrunner,gb
kjp41pyj,rubbertoe64,us
8gr4zdrx,BIGEEVEE,us
xylye6yj,mariolovescomputers,us
xy55eoz8,Frydi,de
dx3pz0q8,Skor_X,pl
5j5nnqjv,Sonikkustar,us
x7q1n5y8,hopKid,us
j92671n8,Ziolot568,us
dx3e0qjl,goofy358,us
zxzzdv9x,Garbear,us
xzly3798,Dgedarack,jp
v817ykr8,So_So,us
zx771k0x,mobu_ngo,jp
j2y1m2l8,Ketzaal,fr
18qr9z7j,Valdio,mx
kjpmer4j,GeTaX,fr
v8lomzl8,vinz70800,fr
48g769r8,xCryptic,de
kj9r7lvj,Patrick_Barrett,us
dx3w496j,Ayaash,fr
8l0167r8,bigbz92,us
qj20opnx,MKDSmaster91,us
j5w7gdqj,Constorm1,ca
8r7m223j,Gems,us
61xygzxr,Cyberdemon531,us
pj0k7rr8,gairin,br
xk43m22j,SeamlessLink,us
j9ryozvj,Supercow1672,us
8r2k5gwx,Wransu,pl
1xyvnzxr,Seirea,us
y8dqdm5j,Doitsuchan,mx
dx3qepej,CorsolasCage,br
7j4rq5v8,Sm_Izumi,fr
18vlednx,Willster,us
8wkw1q48,superhighnintendoguy,ca
zx7pvyyx,Dragowiz,fi
18v5qpyj,Paradise_Line,ru
j2y6yvn8,Mag7,us
18qykv7x,ZeldasKitten,us
qj2m62n8,Ezze,ar
863ky4w8,freebender,ca
68wk3g48,G0theN-32,fr
7j4eordx,Echopixel,us
48gd02p8,Ghanchi,de
68wleqjg,takojaki,gb
v8ly5p7j,Retrogaming2084,us
xyrpywnj,zaibatsu_gg,jp
dx352o7j,juh0,sg
5j5g34n8,DeoChomp,ca
8v5wnwej,Domaril,pl
48gellrj,Erothaur,ca
qxkno67x,NotKain,us
v8l1w07j,Knightmare,us
w98r4dj1,Bensaunders,gb
jp463qyj,Grimdonuts,us
8qr22pwj,GeneralJF,fr
8en1q2o8,Orbitoid,au
0jmlpz48,CriscoWild,us
x7me916x,TesteDrive,br
j924l678,TheCasualSpeedRunner,us
qjoppwnx,drunkendraconian,ca
81q0q7qj,blooshine,ie
xko3r968,PowerForge,us
8dwg149j,clankape,fr
pj01omxw,the_androgyne,jp
qjn1nyd8,MrSilentVid,gb
j0n0vk48,JoePulito,us
x7q6qkq8,Psychouououo,de
xk43en7j,TheScarecrrow,gb
x3qe532j,grantyice25,us
y8dp73m8,Fryterp23,nl
18ve7o5j,CookieNaval,pt
8rpkw1wj,Kung_Fu_Crickets,us
8lp5nq4j,DLD20,br
x356ng2j,zenakuDK,pe
jnz0z2dj,Knuutti,fi
8dwe0n9j,imbue,gb
v817pl8p,jay_cee,aq
18vv1n58,ashleyDarkboss,us
68wk1vq8,UnsupervisedFun,us
zx7z1687,v0lt_,us
qj2rgrpx,Calmlamity,us
814em3l8,AidanToad,us
qjn9dwxm,360Chrism,de
o86k11qx,SkullztheSpellcaster,us
kjpzo50x,Carter44,ca
v81qynlj,junkyard_dave,ca
8rppm3wj,infernitybum,us
xkoz2o98,Stykes,us
kj93r5wj,JaySeeEss,us
y8dwvg9j,Pikaffine,fr
zxz7znrj,snee,gb
98r7v6wj,HyparSR,us
qxkz4pkx,Brundeen,us
zx7qmqv8,CDRomatron,gb
dx3r0gkx,MelonSlice,gb
8wl61rvj,AllEyesOnMisael,it
zxznw0xq,nathanisbored,us
jpmoky2j,Damix50,fr
qxkpvo7j,McThumbs,us
qj2w26jk,glasnonck,us
98r529gx,QDog422,us
jpr2rg08,sonnysdk,us
86n9pewx,Bernaeon,mx
8rpel4gj,mogami19984,jp
8rpkmewj,weirun_,no
zx7690j7,YaBoyBTrue,us
1xyzpkv8,ScootPootler,us
jpr2v148,Mystogan86,br
pj0zvkm8,BoyanW.,nl
qjnwoo4j,TaintedTali,no
dx3mv28l,Peanut,br
e8enyno8,rRubiks,us
18vl3znx,DillyP96,us
qjopn7x6,Wyattw8,us
qj2z91pj,Sefhighwind,us
kj9dzgwx,Sapphron,us
x7qqqg68,Beastmaster,us
xyll9onj,Midoned,fr
y8dnz29j,HoonGoons,us
o86rd938,RSW,se
jn34m7wx,bastiracingdude,de
pj04g74x,Aymen,lu
zxzkok4x,Terranigmahack,de
j03k9q9j,Sterlize,jp
48g9v12x,Stalker-kun,us
v81ynvp8,FreeFood0,cn
v81l64px,diegoarmando18792,mx
48gdql18,Nickmurfacat,us
zx766yyj,davidtki,us
qjn3nl2x,FiJRE,us
j42v0vdx,chippi-m8,bg
e8epw7px,FoSFoRiat,ru
kj9740wx,Kompx,se
dx39k72x,verb,jp
j5wy49qj,17edwins17,ec
x35p5eqj,Brandino,us
8dwk1rlj,IAmSonaholic,us
qj2kg77j,Lime_Meringue,nz
8rpy5pgj,Liammc90,gb
j2yvryp8,Piboi,us
j920myo8,xJRigsx,us
8qr1kzwj,jmcrofts,us
zx7gkrx7,alaris,us
zx7v350x,CAPTwheatroll,us
jn320z4x,MagicMaster,ca
zx729087,Hattok,us
j965y9oj,Real1099,gb
e8e3nd6j,rycopin32,jp
o86qy7px,joyconboiz,ao
814mgkl8,AiRwOlFe23,us
18qn5rw8,suuupa_,us
xk44w27j,FreshElephanty,us
kj9rz7j4,Pottoww,se
jmo76en8,stuffisstuff,us
kj9wdn84,Aquas,us
qjodpzlx,darian2hunter,gb
18qo977j,LittleChimp,ca
y8dwv49j,Summersunset2007,us
zx72k268,Beckski93,gb
zx73w6j7,swift,ca
zxz6opr8,waai,jp
48gnlo2j,blaketurnertron,us
8rpmw4gj,Destroerwow,ru
o8666eq8,NanoBiscuit,gb
qjo55ke8,bathsaltedpeanuts,us
qj26e6xk,elgranjerry,mx
48gpw118,koma,br
98re26x1,Basic_2904,de
98rp01dj,Rhyderrr,gb
8d39q4gx,Epiccoding,us
8e91q56j,Vanillapowpow,us
68wm503x,Lemons_Picrun,jp
qjo14gnx,Aruzard,je
dx3v668l,Atomical_Sloths,us
xzlnk2e8,Vlad_Fesik,ua
x72d1ry8,LordMichaelJ2,sk
kjpk2o0x,GingeSwagTia,gb
8qzgvgw8,incendio,us
8v5rqk2j,Bikkear,nl
8d4kqrm8,Kenbo,ca
8wkr30q8,LofiGuy,us
18qzk0q8,Tyderium,us
j26e7k6x,Aadrom,br
jn9z0l1x,HalfmanTheHand,us
68w2nyq8,Bintendo,us
o864opjz,AS_Money,us
v8195p3x,Adamo,us
o863wq8z,JoeDamillio,us
8wl9g1vj,TheWarClock,us
j2ymkk78,Philip86,jp
8d3yokox,Persona6P,us
jmlykvy8,DyanFrejat,br
8r79odqj,darknights991,gb
8grp7rrx,Rat_A_Chat,gb
dx3lvqkx,hazeblade,us
8l0lgw78,E_21,us
98ryd4qj,stormcrow56k,us
zx7qpvv8,Splicerchild,us
48g5epjp,Wilbo,gb
qxknw72x,xIceblue,us
v8leoplx,McSqueezy,pl
qxk4499j,BashPrime,us
8v5dmr5j,Kirb788,us
zxz6ver8,bio_ico,us
5j5dqrz8,Hydrus,us
zx70k0j7,erubi,us
jo3yl00j,YOLOO,fr
v81m4rp8,Wheaty++,us
v8lypmvj,Tsukisuki,jp
48ge34rj,Acebats,gb
x3me44k8,Mr_Tibbs,us
o86yo5qj,BarrelMan,us
e8er3ndj,BrashyBrash,ca
x35rpmkj,Riles_G,us
8r27yo3x,MRARASH,ir
x3qy17ej,JulianBeides,at
v8lp3rjm,nub_hat,dk
v8lmee4j,Midnightial,us
8d4lyym8,kixx,ph
qxkdqlmj,bythewayisay,us
v81zeplj,renegadeanon,us
jpr3e648,WhiteOasis,fr
8wk73rq8,Vkidgamer,us
j42gz3lx,Heybra121,us
0jmmk1nj,Master-Kuruk,us
xy56z3n8,Tilly_918,jp
8r7eqkqj,joons88,fi
e8eog26j,Derxu,de
8v5o2q2j,Heartcheatpop,pl
zxz045r8,lolaway,us
kj9d15wx,Aeralis,ca
v8l3eq48,SRGTsilent,us
8e95p2dj,HydetheLoon,us
qjn0mndx,Lord_Rigor,aq
kjpyp0jq,imded,us
8grvqorx,SoapySam,gb
18v6n0nx,Sc0tty047,us
qjo25ye8,TK64,us
8r2gly3x,dimamaslov,ru
8rp763wj,silverwings21,us
8167z1qx,marduke,ps
0jmo26e8,Derekku,us
qj2r5ynx,wessidevandal,us
zx7m7oyx,GustavoPredador,br
zx7oyvj7,Arcus,us
5j51568v,spikevegeta,us
kj960dwj,turntheskaoff,us
jmpq3ezj,EnigmaticWill,us
qjoomglj,Drixide,es
7j4q22dx,Lui,it
zxzr5oe8,AdvantaJeous,ca
xk4vy17j,zerokichi,jp
18v747n8,Bubzia,de
x7qp1or8,GeometryDog,us
5j5opn6x,Papitaa,cl
e8ekz128,lonpochi,jp
jo3105ej,mypetlion,ca
1xyldvwj,Strykrr,us
j2ym51o8,LoganToTheMax,us
j92o1qo8,Bluebasneue,ca
86v37qpj,BowserJrXD,us
kj9ry9oj,Albirex,jp
xz79274j,tyx_gamer3,ca
qj2l17nx,Muovipullo,fi
kjpdyr4j,Freyhack,us
zx7vzyx7,TheRoundCube,ca
8l025728,WhicheverMirror,ie
ge8ed7x0,Nitrofski,ca
7j4y2wwj,Vriaeliss,us
98r2gydx,sinefuse,de
xkonrok8,Valecop,ru
qjog47lx,Arahpthos,au
8l0k2or8,Peralt,gb
xy5r0rw8,AdamCarnage,gb
jp4wr70j,SKRITTLES,gb
8geyq42j,Ethanimale,us
814yoyr8,brenno2005,br
zxzklvex,retrop,us
dx35r7kj,Tky619,gb
v8l46glj,jonnyarcade,ar
e8el4q7j,Chaps924,us
qjonw238,EthanRTA,us
xy5mrgw8,Avathar,es
98r1reqj,SpoopyPenguin,us
j9rkvdoj,Neato,us
e8eq9068,ozgurkk35,tr
x7mqp00x,BrOnsoN_TOP,ru
8vkkmw5j,Chisha_Retasuko,jp
xy5kkky8,singzgaming,no
qxk6nr78,Contra3Virgin,us
x729wyv8,antmas,us
qj2mqp8k,piplup17,us
8l0yypr8,KingØfRedLions,us
jmlmp5z8,TakeASicky,au
j0nqmdm8,ShockwaveTLS,gb
kjp03g58,Zonby,ar
8d32vrgx,spiceeTV,us
jpmp6lkj,Ast_mkds,jp
kj9kwgv8,Rox,us
18v5e55j,GhostKumo,us
kjpq655x,AiSnake,us
qjo39knj,A1Major,au
0jm59y4x,Brammyson,nl
dx3q1kjl,Symm,us
e8e24y68,Kablemo,fi
816o4g5x,bordplate,no
jprnqw28,Fab1an,de
x7qr7dv8,Jdurg,us
j96vyewj,Brood,ca
qjnrvz1x,passere,us
8l0w07l8,Simoon05,it
kjpoery8,FalconXFalcon,ca
8l036p48,dombachiev,br
zx7mkvvx,Francesco,us
x3mvw128,nikoss,pl
98rpqldj,BaristaJaye,us
qxkedp6x,HabKeineName,de
8gro372x,cucumber66,jp
8r7q35qj,Hellknight86,lu
o866ge38,JakatoXtra,us
jp46l22j,NefariousTechSupport,gb
8v5npn2j,Mallerd,nl
x3qlo1ej,HOLS_YOUTUBE,ru
1xydelyx,Nindo,de
jprkqq48,HoemSquad-Derb,us
dx3q626j,kavoc,us
zx7295v8,Realer,us
8qzpr078,t0zzle,ca
48gkpypj,EightSixThree,gb
68w21yl8,CCDombro,us
68wm64vx,PaulSaltine,ca
qjnzo1wj,NerdyNester,us
y8dzlz9j,ShesChardcore,us
8d37079x,MinsyouRemu,jp
x3mmy628,Wretic,nl
7j4dr9wj,noxiousnick,us
qj26kelx,Tr1vecta,ca
18qm69wx,xerneas-yveltal,fr
x3q9lwkj,Phantom5800,us
v812wqqj,lylovir,us
68w27p48,FCRacer,us
18vll0vx,Pelurilu,jp
qjn7edd8,Mannix86,ca
qjn74w8m,SethBling,us
qjogqr0x,seri,jp
0jm3lpy8,Asukero,fr
1xy4z5vx,TheToastyFail,gb
98rree68,Stanislaw0,nz
8l0v2rv8,DarkWhimsicott,us
xkop3r98,Edo_87,cl
0jmvzlnj,Superness,us
8v526lnj,buttneighbor,us
8l409klj,jodosutari,fi
zxz7z0jq,kirkq,us
qj2yqml8,Ketill66,no
dx35plkj,Ausabe,fr
48gol2rx,MarthSR,ca
jn3kn41x,Roadkill,us
jpryy328,SparkySparkyBoomMan,lv
1xypw1yx,KitsuOfCherry,us
v814k958,mistmaster1,us
x351312j,Pointylegend_,gb
xkomdvm8,PurdyOctolingYT,sk
v81v3gq8,Mc166,fr
j2y2nn68,teleozoic,us
98r5zmdx,ShinkenX,au
o86d15jz,Akirry,gb
jn994pqx,PapaGuidoIsHere,au
qxko9m68,Salero_Eon,cl
8l0q5g28,Shedder,de
0jm6mve8,Vedenjakaja,fi
e8ez4d68,Yoshikiller109,us
68wl904j,ViruseReturns,uy
v8lrrr8m,Stacy1199,gb
jmoql7n8,suzie_geeforce,gb
xkm2d72j,PorobionyKnutiwons,pl
68wlnqqj,Quatropus,us
68wk9eq8,JuegAriel,es
8enrm9p8,speedsmurf,ph
jopzgzex,JailBreakSweat890,gb
zxz79ejq,Tojimaru,us
j4r09z58,uninerd,no
qj24y4o8,Khaotix,us
98r24qx1,beco,jp
8r71o6dj,Dara057,ie
y8drdpmx,WoopVonWoop,us
kj92qev8,Ghostly,us
8l4p9wrj,W0rdz,us
7j4vlwj1,JTMagicman,au
0jmz3zx1,Oh_DeeR,de
v8l0dg28,MasterLeoBlue,us
qxk6wkm8,Glob,ci
j5w96lgj,Aeshmah,de
kj92nq78,Cycopather,us
48g3r0px,IvanHallockSR,us
8l00vr78,beazzles,us
zx7re0rj,NeptuneNeon,us
e8e9yq6j,TheHumanProtractor,us
48g5wpjp,AmoebaUK,gb
8rp7lgwj,OliverSantts,br
j0v3rpmx,HomieAlf,gb
8geerd7j,doakey,us
0jmw0e4x,ohlindor,us
jnzmoywj,Heracross,us
j4qv67mx,Latiaskiwi,us
jn39o4qx,SBiscBoi,us
v8169rlx,genosh,ru
zxzk5ynx,AirAngel,us
98rp0o3j,DoctorSwellman,us
kj9vgyrx,Dans_Survival,us
x3qwnrej,Pisscord,us
zx72w3v8,rodryxark,cl
v8l0qqr8,brisulph,ca
dx3k52jl,mid,jp
8v57yoej,NintenLew,gb
qj2yyn8k,Deln,ca
qxk5656x,KrAzY_Qc,ca
18qnedd8,FayteFireix,us
98ry55qj,Ribena,gb
x7qodoy8,Mogul,us
xko2g798,Akuretaki,ru
zxz755rj,oldkingdoran,ua
zxz64ve8,Phonis,us
zx751008,Ahbys,ca
5j527wjv,eddaket,us
y8d321ox,Valkyrie_ZB,es
o8670npj,icy_,de
xzllm098,robinsrbleach,gb
18vyqq58,MaxSen_G,de
jn3g722x,r0ugar,us
xyrmvzyj,Setyan_Chokdee,jp
j5w3dkwj,FloppyBacon,ca
v814vv38,Freddeh,us
8enkl0p8,Sbudiver,us
v81zo3lj,EpicCrossover,st
8d3pgygx,CuddleDragon14,us
18qoq17j,RetroChris64,us
98ror1d8,HeroineofTime,us
xyr6mzyj,Legagoux,fr
7j41ondj,Gecky,fr
xz97v5e8,raymondluxuryyacht,us
qj2p7rn8,Flobeamer1922,us
5j5mqp68,8bitbox,us
jn91rp2x,willbot89,gb
v81oklrx,JakeTheSnake233,us
j0vwl1mx,Recondite,gb
zx7pe96x,HIKARUGAMES,kr
o8630pp8,Mokaygee,gb
7j426mx1,Lafungo,us
qxkvwr7j,Vileoxe,se
qjnp5qd8,Philber-ROH,us
18q3n0dj,CScottyW,us
jo3g5m0j,twinkachu,us
863w6lw8,Headfenu,it
v814k3r8,JamEvil,us
8qzpw008,AudioBlood,us
qxk0vmm8,Nixbg,bg
jprork48,ascclemens,us
48g5er2j,beadle111,gb
7j4y4emj,powerman,fi
8grg3wrx,Berliri,us
x7qqooq8,IMightBeMarcus,br
8q336nwj,Spektr3m,us
8ge017yj,Chambo,ca
0jmpm0zj,Yihou,cn
v81oze5x,Aalaizah,us
68wzpml8,ReptillianGamer,us
48g72yp8,XanderG13,us
68w2g538,YT_Veritas0923,ca
1xye0kz8,Nekota,jp
18q29d8n,JDLM,us
j5vwm4g8,caylak,tr
qj271k68,luagerlez,at
x7243oq8,Alanou,fr
e8e7qldx,Draid,us
vqxkom80,Flickerform,ca
y8dgldo8,RetroGamerAkira,pl
qxkg359j,AdamFerrari64,us
98rpe6dj,Kongkrete,us
8gez691j,Makura_kirby,jp
zxz6g3r8,09419018,es
jo3lr3lj,Fabio8000,br
48gr11xp,gchierico91,us
jmpng64j,Toad_Needs_Help,us
98rm2m6j,VLDetonados,br
v8lz134x,stylonide,au
48gqm9rj,LMI_eSports,br
jml29mn8,Phalangs,at
qjnk3vdj,Matt_Landre_YT,us
7j42ez5x,BambooShadow,de
kjp2yqkx,partytheplatypus,no
e8ee44p8,Greenmario,us
qxkmr96j,closetowar,us
48g9mpxp,StrongmanLin,us
8envd378,Noonez,gb
j423ldmx,drscoringpoints,us
y8d927ox,Agedude,ca
e8e74w2x,Saffirel,ie
98rnzmgx,YourGenderHere,us
8r7m4n3j,rowju2975,us
v8l3or8m,thk573,us
xz9kn008,ParachutePirate,us
qxkvokmj,Fetti_Touretti,de
8grmqmyx,imhawkk,fr
8wl33ozj,SirMad,no
v81pwdq8,Arisendead,us
48ge1zpj,chiteiro1,br
v8lvke4j,NateCC14,us
qjn3391x,FurretTurret,us
8r7vmzgj,UndercoverGoat1,us
qjo2pne8,Ico,se
68wldmvj,Stovent,fr
68wqdyz8,Turnabout,us
v81ggnp8,7H3,ca
qxkpgq2j,Stormy,us
j5w7ypzj,MegaBlaster02,us
7j4mwvj1,SoulSoldier64,us
18qwrkw8,bendersrus,ca
8qzp5208,muxosaur,us
o86znrwx,rhacodactylus,us
xy5gzqy8,bewildebeest,us
816p2ppx,Rainchus,us
o86669p8,IguanasInPyjamas,gb
zx7nr4r8,Magicalgnome,ca
xz9m23n8,deserteagle417,us
0jmo1vo8,Poorscythe,us
1xyp6ymx,Deesh,us
1xy92oyj,Sergrand,es
dx3ne9ej,pnickle,us
8r7okg3j,tenkuooyuki,jp
v8l2k4rx,kkubagurPL,us
o867lm0j,emagen303,us
1xyr5nmj,kalarse,uy
j5wvy1nj,Risc,nl
18vdney8,Spoonyyyy,us
98rl5381,rezephae,us
e8eynrpx,Lusther,fr
qj29947x,PaPanda,us
qxkz0d2x,Vikingja,no
8wk69nl8,Soraz,nl
kj9vrrx4,Akiteru,ca
8grp6p7x,SolomonGoulding,ca
kj9r7krj,johnblud,us
8rpn203j,Goldhagen,se
j5v9wnz8,Greatest_Jagras,us
x3q3032j,TheRoyalCrabMix,de
1xy53ov8,be_be_be_,jp
8160w2qx,TheRayReviewer,us
0jmylgyj,1jovemtr00,br
48g71dp8,ironninja1116,us
7j4wkk5x,Osuology,us
kjprzz08,IluvMario,us
1xy0mwjr,TheMexicanRunner,mx
jmogp9n8,Cenwig,us
qxko0n98,RomTimney,us
qjn3122x,HoloDarkness,au
18vkemyj,Bat,us
xz929rr8,razong,de
xkozln98,SpartanGamer37,us
qxk7y6j0,Muffinqt,us
v81406p8,switchpalacecorner,us
kj9926nj,P1ZZAC4T,us
j0nnpe98,PikaNoob,gb
8dw9mw5j,SkeletKasket,dk
7j4nyylx,Ten,us
dx3r202x,M177,us
qj2wmz7j,Dayphid,us
8l4mwe7j,SLDC,jp
qj2oelox,echoJjonas,br
48g5lnrj,LeeTheScot,gb
xy5gl2n8,Linksy,ca
8q335rqj,FrankTheLuigiFan,us
dx3p0ok8,meauxdal,us
86vdp20j,abm_marblesyoutube,us
y8d9mnlx,Cybergeddon,cl
8d3nedox,HuckFin_94,us
j96v29wj,EpisEro,us
7j4o3vv8,destroyer794,de
kj973d7x,shroom_e,us
x72pzyv8,CyberStan,ru
8wk5dg48,XeroHR,us
jmowvp48,IzntPap,us
jo3pvznj,BadBiscuit,ca
98rv0dqj,zir0nic,vn
0jmg9zj1,ZookieWookie,us
18v2v2jl,miniomegaking,us
kj97v9wx,SchmidttyGames,us
v8lq3y4x,CurtisDN_,us
xyr6l9nj,razor47,us
8vomkqnx,jxm32,fi
8e6l2qoj,BradyNeilson,us
pj01rlwx,Cereberon,us
v8l3m278,tdcrooks,ca
jnz3e4qj,ponsuke_re,jp
j4rwmk58,Shrek_on_VHS,ca
y8dr2lx6,TrenteR_TR,de
8dwnnz5j,EdtheRando,ca
86n41z5x,YungGramps,us
e8e6pw6j,l2eeve,br
qjn35kwx,dannyb,us
j51ymez8,AzuminoWasabi,jp
zx79m6vj,Merriam,us
o867eeqj,Zdi,jp
o86neqxz,game_complete,ug
7j4ev05x,JBRetro,gb
5j5omwwx,Kai_Lex,fr
zxz4zg4j,Lunar,us
48grvz7x,Tyler2022,us
816wk6px,Izen220,ru
xy5vn3v8,cyberpod3,jp
7j4pp6mj,UI_Jess,us
zx7g3l6x,WhiteWhaleoftheWest,us
5j5q53nj,yamanaru,jp
zx7553v8,Ryan_Ford522,ca
8rp5326j,carterferris07,us
68w9qljg,zenix,es
8rp0q9wj,Cypek,pl
v8lz7n4x,Doc,gb
jmokn648,Shadow_Skeith,us
jmpgpq4j,minarin,jp
0jm02n48,jscarbo,us
zxzgewej,WxKris,us
x7qqzqr8,MrJTGaming,us
j0nyrer8,DraggoB,cl
qxkzyy6x,uziDance,fi
j5vevlw8,Modun,us
v8l3m178,Bomba_Nemesis,br
y8dok99x,Kraezy,de
j42r39lx,TXherald,us
j260gqox,notSare,pl
7j4nv6vx,Rayeo,us
pj0pnwwx,Sébastien-G,ca
o86n3p5x,olo_ili,ca
qjnk9mwj,RobertNFS,ro
jpmme7kj,OddKara,us
y8d10rm8,enoshima,jp
0jmln9y8,bonkstrats,ca
y8dzdngj,quietdudek,cz
5j5npyqj,miss_haruka,us
j0nepv98,Aster12587,jp
98r2rgdx,HalfJaise,us
x35nnnqj,Pikraken,us
xylv12yj,IceCoffee,jp
8w11074x,LINK05,us
7j4p5zmj,EvilBlueShell,ca
qjn02kqx,dstevenplaysyoutube,us
jprnvok8,NLeseul,us
kj9zqzr8,SlightCherry,us
68wlov4j,Ghost1280,us
qxkdm0mj,Teleo1,us
e8e2lpd8,ThePossession,gb
e8ev66x0,Vynneve,ca
18vkvyjl,Hibiki,ru
48g123r8,Son-Beto,ar
48gzzq7j,PMiller,us
8e6l2zdj,repeatzzz,de
qxk44mj0,blahpy,nz
86v5d1wj,funknasty171,us
5j52vozj,Glozboy,gb
qj2mgk78,Nugboy420,us
qj2wmljk,alexspeedruns,us
e8eez928,Aenderan,us
48geo7yj,100Ton,cn
x355qw7j,The_Stellar,gb
qxkpywmj,BadNewsNate,us
y8d45g86,Casusby,ca
dx3mlpe8,Lemin,gb
y8dqklgj,hyziu,pl
18voy6nx,BlueImp,br
5j5ky46j,Specky,it
18vprve8,Rathin,us
8e6od0dj,ronaldrage,us
8qzgp7d8,Diagee,us
1xyog0mj,HiST,jp
8wkqw248,Jamestheman2009,us
pj0gekrx,KeynNaka,jp
zx7qgwv8,jakeriverj,us
8v53kqvj,SwordlessTwitchFlip,us
qj2q4wpj,Shreddaily101,us
68w1yrzx,tr0nb0nne,us
8r7z27dj,Aknot54,us
18q5w2d8,right_in_the_tockles,us
1xyleqwj,Mileve,ca
48g9or2x,Celery,jp
8r7795qj,WDN2010,ru
xz9k1698,YudiaStarmine,us
qjopkrex,JaysRondo,us
xz9r4448,Pachieisskiz,us
68w54m48,Dospostmann,us
e8evg96x,JamesPicard_007,us
dx37eke8,FredBananaz,be
qjo96r7j,fhelwanger,br
816n6nlx,Kardino,us
v81vvzq8,ClingingTomcat8,us
jmovro48,Someone3893,us
8gervg2j,RaskFyr,ie
qjnm7l18,ZootSlide,aq
j0n1n198,toxicroak_gaming,us
x7mwwe6x,Pi1MuTINJUU,jp
jnzgrmwj,CyanogenSmb1,uz
x3qnz5ej,14banira,jp
xk4g05kj,Sweethappypants,us
o86w71px,doctorfeesh,us
e8ewlod8,Melwing17,us
qxko7rm8,FlannelKat,us
mkj97ox4,Arzga,fi
qj2dyk68,BlauerKeks,de
x7mw36yx,Yusername,au
3qjn6qxm,Pull,fi
pj09gn3j,drstanley,us
zxz7n9jq,Backslash,se
jmoweoy8,MattyIceFalco,us
v81nmzrj,Playstyle,us
5j5oewxv,tcbtrio,us
8l0mp128,Kid_Charlemagne,us
qxkqqw9x,AutoGamerZ,nl
j4r7zll8,Fpiz_,it
j4r69od8,The-Wavy-Commander,ie
e8e3m7j0,imglower,us
kjp6rnk8,puddings,us
e8emp6x0,aaaa,jp
zx7gn0x7,Goran,hr
86nlwk3x,Garlips,gb
x35vryej,Rh4kor,de
5j5llenx,_Sp4ce_,us
18v52vjl,Znernicus,us
xy5pvqy8,Jonasty,us
j96vgm7j,dndnat21,ca
zx70lqrj,Speed__,br
7j421ywx,Nec-Os,jp
5j5mr5q8,fialhito,uy
qxk1k2j0,PiePusher11,us
qj20d6xk,Thextera,be
e8eer6o8,Revan_,au
jnzw59wj,EthanWinters,br
v8l06m78,SandbagX,us
xyrog6yj,YaiKo2111,de
xz755y9j,SacredSoul8,us
j4r7w4w8,Marques64,es
qj24z0p8,Sethdash,us
jo3p1gej,kna,nu
7j490v81,Jabro,ca
8r2l72gx,perfectfalse,us
v8lvlrrj,LakeDemon,im
j4r2nvl8,Chuleta,uy
8r7ee56j,jptHyper,tn
0jmn21ox,Hensachi_60,jp
v817g038,Narcissa,us
816qnyqx,TunisianKing,tn
zxz92rn8,Kongcakes,us
8v5323nj,CrimsonTheFox64,us
y8dwzzoj,Quagnoth,us
48grzorx,xNose,ca
68wk9oq8,Glass,us
5j5nq6jv,Goomba,nl
pj01d2rx,Richtershade,us
18qzvro8,justinman114,us
j9r1oynj,wiltuz,fi
e8egnrpx,pletty,jp
x72zngr8,VagueText,us
kj9dg7x4,Boomer,de
jn3kodwx,foppy,us
98r9rd38,Skippy,us
qjoon5nj,Monado,us
o866p608,poisoncurls,us
zx75o1r8,ALZERI28,fi
816kg2px,Keelan-Mc,ie
xz7lkkrj,FirstMaple,us
qxkkvqkx,Flynntendo,au
1xymwrvx,Okapi,us
0jmg7ej1,breastickle,us
v8lk274x,Spiker,us
8d33gkgx,Alexooo_gaming,fr
863e5g38,JESSEM19987,us
j2yed4l8,Collin255,us
jo3n0dlj,An_D,us
v8lz1llx,durrbill,us
dx339eex,ChuBBySR,fr
8qr5kvwj,killerkun...,jp
8l02og48,SittingDucks,us
8e6y94dj,SchnitzelzIsYum,us
pj0lomjw,Lewisb99,gb
68wvzg3x,StupidSecksyFlanders,us
x3mrdek8,adamjoda23,us
8e9knv7j,MarkSeemann,br
8vk5q25j,fischmioli,us
8wlq373j,Hawken,us
8ge7rlrj,papertrails,us
v8lrl5l8,The_Retro_Challenger,ca
jpr6y328,Lukane,us
qjn3zpqx,Mooismyusername,us
j51vz6g8,Schoolie440,us
j4q7rkwx,Rivukis,us
18q4dp7x,cristiankunxd,es
qj279068,Enders,tr
8rpvrnwj,VanishedHD,us
8e99zqoj,Ben119,gb
pj00qvwj,Chwarles,ca
zxzl73e8,Hoettilla,de
48gzrvpj,Its_Mazed,us
zx7yvyx7,edzan,us
qjn124q8,Jackalacka,us
qxk3q280,wolfdnc,us
jnzdzmdj,acemcf97,es
68wnl2l8,JustTen,us
jo2zvzl8,BlackLion,br
qjnnk1qj,Tigerkiller93,de
x359mwqj,ChucklesW73,us
86vdd60j,AdamLobo,gb
o86zmn5x,CaptainCanuck87,ca
8gev6d2j,mintyTheOne,us
j03n0d9j,husahusa,us
0jmlnmo8,flurgandy,us
kjp1z92j,MattStrats,br
814kn7p8,DrOmanyte,pe
v8l0we48,BurkeMaverick,us
7j44gevj,avukamu,us
18qe6gw8,BlloodySunday,de
jn3p532x,Natan_Anile,br
x72q1rq8,oautentico,br
j927lyo8,Lainen,ck
o86e023x,Hamo,gb
68w64o3j,JoshTGR,us
5j5wgnjv,k80may,us
x7q2gqr8,enemyphobos,us
zx76k9vj,GeneralAndrews,us
xy5395z8,Wild_Card,us
pj05w98w,DJCarmichael,us
98rrzdg8,Pingouin23,fr
dx3r7kxl,YayodelaRiva,mx
e8en0z78,meliodas,ru
dx3lwv6x,PoPo_,pt
814ozzl8,Squabbler,us
qjn0l7qx,DigitalSquirrel,au
68wdln3x,Mudguts,ca
x7m7g0yx,CrazyCaidYT,gb
qxkoky28,VictorKratos,br
18v3m25x,chomsky,us
8r7zwnwj,DSBMX,br
zxzyezrj,Nenko,fi
v81pk5q8,Tenka,au
zxz2ll9x,agne567,jp
1xyrmmjr,PvtCb,us
5j5ey3zj,AgentWyvern,gb
o86mdowj,nervestew,us
8qzp33w8,Makarov360,ro
98rp7gj1,clippy,no
zx7vvvvx,ComradeThundah,nl
zx7l9eyj,ChefPyro,nl
18v5wy2j,Chreymd,de
kj9nqqw8,dwaitley24,us
x3m7q2k8,CrimsonVitale,us
zx741z6x,cheekychunk,gb
1xy03vjr,BenSimWise,gb
1xylv3zj,SarahRavenVictoria,ca
0jmzozx1,erunks,us
8e6nwn2j,ffrancob,ar
8l0znyv8,DeathTropes,us
qjn3w4qx,Zeuspot,dk
kj9n5vr8,WntLuna,jp
jo32w4ej,HugeOgre,us
86v7q25j,Soocy,us
xy531gn8,CepheusAR7,ar
48g52rjp,eednob,us
kj92gq78,Hesh,us
v48ggp8p,Dactyly,au
8dw5759j,AndyLeeJames,ru
7j47qrmj,DuskRage,us
zx7qwkv8,thunderzap7,us
8rp6ve6j,HiiragiTia,de
kj9e0578,RunStrafe,de
48gezdyj,Picante,us
8gedkw2j,BDown,us
o86d1e5j,Flavian,fr
j4q71ovx,HowDoUPlay,us
5j5zqzjv,LeviTheRelentless,us
xkonyv98,andresfgp13,cl
e8e7e7x0,WhitePaaws,co
jprkyqy8,IzumiChenmeiru,us
8165nqqx,j_aco210,it
zx7wmw68,Oggyerino,no
18q6d0qj,Apokalysme,fr
8e6m9n6j,Canovah,us
qj2qg17j,NANYA,jp
jml66ve8,BubblemanPedri,pr
zx7ewmy8,Bert86,gb
qjn30p4x,Dubldrop,ca
8vkeol5j,StarlightPumpkins,us
pj005vrj,poshi,jp
8wkgd648,CHICO93,us
68wl23jg,barnowl,us
68wlenlj,DynamiX,ca
zxzprm4j,NickySteingraber,us
1xyke2m8,Dessyreqt,us
v812g5jp,TheDarkenedRose,us
68w0rrlj,DrFatbody,us
kj9v06nx,dingoslayer,us
j0n0dg98,Kenzo__Ferrari,us
xyr6dezj,Axton10_61,us
e8engro8,maffe,fi
x350l3qj,Androlel,us
o865qnwx,EmberMist,us
98rppwwj,Harutomo,jp
x720e008,Kobizarre,gb
18qeydw8,Peas,us
98rq3wgx,marphoria,us
qjo51386,owlnonymous,us
kjpk664x,rewstarr,us
xkoqoz78,Reibello,us
jpr62w48,Oyakiiv,us
dx3yno78,hytklfsq,ee
98rvkggj,noahsimcox,us
8r7mpp3j,MinusOneTwelfth,gb
pj0e6pw8,delfinodurians,us
pj0eldr8,Zooball,gb
8v57g9yj,Javeman,cl
8v5k7mej,chinoe,nl
98rrd6g8,VGRdaftpunk,fr
8ge6w47j,Walgrey,ca
1xyodmzj,karterfreak,ca
xz7n4wnj,Kempy0100,au
zx70zlqj,benes,us
dx3kp42j,Typhloquil,us
v8l6r5r8,TheScruffington,ca
7j4p59dj,16BitFerret,us
zx71nqvx,Pmb184,us
5j52n9wj,ultimatedragon111,es
jn3yd0wx,Navolas,us
8w17egzx,asterisk_man,us
xz97gpe8,DoubleGoose,au
o86dpq0j,jclocks,pr
o8663m38,SB_runs,us
qxk40n9j,jtknott,us
8q30lwdj,Steffi1428,kp
8e91e3oj,KatMakes,us
qjn91qxm,somewes,us
v814dvp8,maxhillman,aq
48g14ly8,casinocoin,ca
814kdo58,LagoaNegra,br
qjo1lm3x,MiyKam,nz
8r72k46j,kzN,de
x72mppq8,melonsherbet,jp
8qrr5gwj,zeldex72,us
x35yvpqj,ZockerR12,ve
qxk4ep7j,NarudareAran,fr
0jmvmwzj,denkiya,jp
18qz66d8,Kaons,us
qxklgmk8,HannyS,sk
xyr43mmj,the_sundstrom,se
jo3d6y3j,laintak,ca
jn329w4x,haapis,fi
86nlp7px,JakeRiotOfficial,us
1xy4l0yx,Mishka,no
qj2gqo8k,Jets2121,us
8gegoypj,gogummer,us
v8lkwo7x,Aegis29,us
jo24d138,FunkyWaltDogg,us
8wkgln48,Kodeman67,us
48glzz1x,SilentProtagonist,us
98rdg3wj,SonOfKong,gb
1xy5d5y8,turbogilman,us
xz9vz7r8,GradeCMilk,us
98rk2ywx,Kleeppo,us
68wvzn4x,KungFusedMike,us
jo31mmej,tummytums,ca
5j5157n8,AdirondackRick,us
j2yo7078,NoPulseWillow,us
qj2y35p8,Bl00dyBizkitz,us
xy5ng3y8,emperAHH,gb
qjomvelx,RipperRooTMUF,fr
pj0n0l98,TheGreatToddman,us
1xy572w8,Nude_Cactus,us
8dwwzpgj,Lotex,fr
8l0yg1v8,LazeClassic,us
18qkoo8n,COOLKID,se
zx7376vj,NukeMh,us
e8ey11ox,jefeman82,us
98rv54wj,sascha-gaming,de
v81gkpp8,Wilsoon,fi
8grzdg2x,froakiethroat,gb
kj947lox,Kidrocker96,us
xyrq3rvj,Rexenator,us
e8enry78,Yoshi86UP,ca
kj9z6w84,Fuzzyness,gb
qj26y7xk,lagdotcom,gb
kj9g30rx,almond,jp
j5wv14wj,TheRoadRunner,gb
j0nwyd38,Oipo,nl
v81gryl8,BTVSnipeZ,nl
48genqyj,DrewStraight,us
qjok7l78,TwitchName,us
j4r7kvv8,haydon65,us
xz9l21r8,YUSAMA,jp
8ge3wyrj,PanClam,us
x359q16j,permasleepy,us
y8d96g9x,Shax,mx
1xy0ynjr,mrcab55,us
48g1m18p,DeMoNFLiP84,us
48gory1x,tawok,us
j92d7gw8,Tawmero,se
8wk7v0z8,Kioto,ua
o86kkr5x,jovin,us
qj21zgp8,zorulda,us
7j41yelj,Default_FastBoi,us
o8605nw8,liquidnightmare,gr
dx3m2l68,dunewacky,us
kjpkee4x,Grample,us
8r77loqj,arpeca,us
0jm7mzyj,TemTTi,fi
zx75znq8,Revelyte23,us
j2y27yo8,SushiSquid,us
8q3onydj,Pata87,de
814om3q8,PurpleMagpie,us
pj02lrw8,skyweiss,us
xkm2v5kj,yakutori,jp
8qzm1v78,K-Patch,jp
8vke332j,NAESBOI,us
x72gnn68,yukara,jp
v8ldm2jm,zerolaggaming,ca
98r7q7dj,honeybadger2012,us
98r66nd8,johntabin,us
jn3w514x,Kab365,us
zx719kvx,JackG,us
8en19y68,yogamoanyo,us
qjnz9lwj,EddventureTime58,gb
48g2zyyj,UghRochester,us
8lpq274j,johnnybonez,us
xz7240ej,pasketti_yeti,us
v814058p,GarbitheGlitcheress,us
zx7y7kqx,Flare_Snaggleblast,us
kj9mgrx4,lordofultima,aq
98r2q6x1,Pokehero,us
zxzkzexq,AMathMonkey,ca
kjprnyk8,MarlonH8,de
98rmdpdj,Billy_bongsalot,ca
1zxzdnjq,LP3Cinema,ca
48g031xp,Skavenger216,us
xkoy1978,bigbossincarnate,ie
zxz7wl0j,Schicksal,de
v8l4d4lj,monkeysmb,us
8l4e1kvj,karajoestar,nl
qjn91nwx,Joenome_,us
xyl0gmnj,RyuHayabusa89,pl
8genrkpj,Grácovitz,ve
x72evw08,houlai521,cn
x72yn6r8,LeftBishop,jp
dx3v2re8,mrsancini,br
v18q90jn,Jumpyluff,us
qjoeqn86,Vruche,fr
v8lporjm,Traviktox,de
5j5v2gn8,ryukahr,us
48gr31xp,Pearstrike,us
0jmg2lyj,kenzoyagamii,br
x35rekqj,Jesus95,nl
8q3nvmwj,brisko,ca
81qwke3j,Cornholiocast,dk
zx7mggqx,Plywood,us
v819dorx,RIFT,ca
xy527on8,Pokender,us
x729w4q8,funkmeister1212,us
zxzg45nj,MayoNess,br
kjpge5jq,thkoby,us
81q6g13j,chloealisonagapay,us
x35v236j,Sharchid,hn
48gvpd18,Runaway,us
18vz5nej,JustLeeBelmont,pr
0jmryoy8,Mokka,de
7j4ey5x1,MikamiHero,au
j4rzlww8,xironosei,jp
jn9qzpwx,Zasrash,ru
jn3z0dqx,XanderTTheTogepi,us
48glwe7x,Shazz,us
0jm34ee8,Rossrossy,gb
qj262pnx,ZedAhmad,ca
8d30z6lx,Bluedaboss2017,us
o86w22qx,Demolition14,gb
v8l36548,nightbox69,ph
8qz0owq8,Elijah03,us
qj239qlx,SilentLuna,us
zxzkz19x,markyard44,us
pj0k3ow8,stoic-rose94,us
7j4odyv8,Blitzerama,us
8qrq2loj,FunnyCentral,us
dx33rkxl,Shibbypod,us
8rp1k53j,ArkanoidAddict,fi
18vmy0v8,GearUp,us
j4qvoedx,abraxas86,ca
1xykryz8,Peanutfan22,us
dx3mm78l,Gold,gb
j92n5qo8,Amee,us
qj21nk68,NerdyHusky,us
j424d9wx,Morshufan1,us
j9rv96wj,LoboRundas,es
j0n1ydw8,Kinix,mx
8d3rkylx,Kaimairu,th
v8l14ljm,Burnsy,us
zxzdl0jq,LorenzoMS,it
98r11yqj,JacoboTheChocobo,us
x35696ej,swifty_schism,us
j5wrnznj,KungFuBenny,us
xzlz3o48,Cyric,de
68wep6l8,DanielHall,gb
48gmqw28,icterus440,us
68wkl48g,Caitelady,us
qxkm272j,WagnerBrasil,br
98rv5wj1,Verz,us
qj24do8k,Crankykong,de
18v59ynj,RazorMan97,us
qj2rr5ox,Deviled_Bread,ca
48grv1xp,Andrick11,us
98r354q8,DaFlarez,us
18q0wdwj,JCog,us
7j4k4g5x,Demian_Neville,ua
jo3prg7j,ColbyWan23,us
1xyr0vjr,Broedgeman,de
48g5e47j,Remo,fi
e8eyzy7x,ProtoBlazar,nl
zxz1lknj,twin0mega,us
8gevpopj,Jokubotti,fi
kj94evrx,kyllingepie,dk
j03gg14j,JEvoLV,lv
jmp7yq4j,MilkMan_On_Mars,us
j0n2m6r8,keinplanwieichheise,de
j0nnyym8,skawttie,us
qxk23d9x,ZerenDoesYouTube,gb
jo3220nj,alexsouza,br
j4rm79v8,skip1lep7ic,us
8l4d47vj,Pacifix_Pegasus,us
jnz61dwj,Googs,us
8qzpkr08,Ameros_Y,jp
48geq7pj,typwo,us
j4rw5wv8,Jman__Games,us
8r76q7wj,Standale27,us
7j42kvx1,Acmlm,ca
zxzree8q,Sten,au
1xyeonz8,TrulyNaN,ca
jmpzlyej,KingMinx,us
zxz129ej,RallyFTW,us
8grz6y7x,kazooiee,us
x3qk23ej,Exec6,de
v8l0vdr8,Bullets,us
8e9elodj,victu,br
zx7ekrq8,GiantClam,gb
7j425vx1,Truman,us
qxk5q42x,LoopieYT,fr
18qogoqj,Craigelbagel001,nz
8wkg0k48,MinusWorldJay,us
8rpweqqj,Nihlus5,us
zx7gd1yx,1,vn
8e91qmoj,Kumanomi,jp
8l0rn778,Shadow435,ch
qxk1nv2j,RicoDexter,de
0jmn9zex,Exceik,jp
48g0do7x,cgancos,us
1xy9knjr,Lawso42,us
xkm3lzkj,Gakityau,jp
7j4wqvx1,NamajnaG,ca
x723e368,Mil_Feo,ca
1xy51gm8,Extodasher,ca
dx3kq2jl,Sickynar,us
8geoqz7j,Laplatapus47,us
18v5v25j,Fred,se
xyrp4knj,avadakotavra,us
86n704wx,GungeonLover,us
kjp45w0j,ChrisG_Games,gb
dx3zk57j,tewr24,us
48glg4yx,Saber_frantic,cn
8grrd7px,AlexHall,us
0jmoqqy8,EmeraldAly,us
xkovwk68,poitspark,au
8ge0011j,Crazy_Quackers,il
jmpwq14j,Reapinglith,us
j2y6o968,na2na,jp
j42dym5x,Pataflusflus,es
8l04yn48,Crow_hr,jp
18qpqwxn,garadas21,it
0jm7o5oj,RepentMF,us
5j5kl76j,smak9000,us
48gwg02j,VitorEduGamePlays,br
j4r6k2l8,Carigs,us
86n69nqx,Jimpie22,nl
dx359lej,buffalax,us
v8lz9lxm,E_Dragon,de
98rr0nq8,harmjan387,nl
68w2ov38,dr1ox1,no
qjn3dwxm,Sandmanfan,us
1xy9yvzj,HammerHeadLabs,us
pj00eomj,Bebo,us
8dw4q59j,Genji_Uesugi,fr
qjo97enj,Yagiu,jp
v8145l8p,Squid,gb
v8l0o978,10ooki,us
qjn162q8,mosstkm,jp
8ge4ke2j,LogeFTW,us
86n3gg0x,YmustUhateME,us
8en7gwp8,ThrasherDBS,us
qjo2l2l8,JPTRON,pt
j5ve60q8,jeroxas,us
jmp5rynj,LilGuyRy,us
18qr7qjn,Thebpg13,gb
kjp4dykj,MixMastaPJ,us
xz9nk5r8,ScootMagoot,us
18vk14nj,dagronSR,ca
8gr9q3rx,SorryDeadCat,us
jpm6n34j,Towa,jp
8lprzp4j,fieldvole,gb
o86wen0x,Sir_Tyler,ca
x7qo5gq8,ian_BR,br
qxkk4kx0,KaguyaNicky,de
8l09m548,Jake0214,us
qj2qmojk,HillaryPuff,us
18qn478n,TrevPerson,us
8qzv6wd8,Ariuna,de
kj92m4r8,Nordanix,se
jprml228,auto,br
o86erg5x,CornbreadMuffins,us
kj9yqkwx,Lor,no
7j47yk5j,L30N4RD0xyz,it
8wkk7yz8,MillerTime36,us
xko4plk8,eliminationgame,us
18qvrl7x,junyor789,br
zxz7nm4j,TornRose,ca
18qzknq8,Sakk,fr
8qz3yz08,Sventor,de
18v64qex,Auddy,us
qjozve86,sünta,us
8d3np2mx,Aquanautical,us
98rqg7qx,BubbleBass,us
8ge1ky1j,AirWick,us
v8170lr8,SmiithTV,us
8qzz0r08,CharlyStradlin,fr
jprqr728,Gretsky98,us
68wk0748,HowDenKing,gb
7j40z558,londonb415,jp
e8e7lmox,Scorched,us
qjn64m1x,J-Mac,us
68wll4jg,Sasam,ca
qj22vqoj,Asuka,es
zxzl93r8,JulianRiko,de
8vkgmdvj,BalvedaVex,us
jn3prkwx,FaizerGPL,bg
8gr9g7rx,dwrend,us
18q3kpqj,JkLoser,se
qxko2yk8,aleckermit,us
1xyve6zx,ellervated,us
jo2zd438,Ninja_Yoshi,us
pj0vzl3x,LordMike111686,ro
8gr4verx,Chungenour,us
xy59own8,Komex,us
816y72rx,VVVSUNNY,us
qj2y7wp8,Moliman,ca
zx7q5087,Volpey,de
x7q7q4v8,Rogue_AUS,au
zxzd590j,Avatarinator,nl
qj2ry76x,OneWingedAbsol,us
jpr5kw58,JC1925,gb
86v3770j,lordlouckster,fi
qjo0kzlj,Furiousfive,us
j0n3wm48,CarePackage,us
8r7n2kgj,oxRazeox,us
5j5mk4w8,baXschi,de
zxzvmnjq,JustinDM,us
kjpo37y8,Aderas_,pl
xkoy5598,Bigk1983,kr
1xymlnmx,Boarum,us
e8eq3278,Butsuzo,jp
8wkl63z8,AlexEckhoff,us
48g5vo7j,Cmdr,us
o86w2w0x,juanriplaygames,es
dx3plvk8,rho,nl
zxzl5z98,LankyLoser,gb
v816vd5x,Capridog,us
86v9ko5j,Bithe7011,gb
v8164prx,TricKyBoy,ca
18vp2y8l,Tackify,ca
1xye11w8,TANAKANOANIKI,jp
8rp7y3dj,patorikku13,us
8v5r295j,nyiddle,us
98r2ekwx,01garland01,gb
v8l4nwvj,Caspin,us
y8dk0kmj,Overswarm,us
8wlrm4vj,Randothacommando,us
48gzlzrj,Electrowolf,gb
pj0rd3jw,Zoekay,us
xkozgv28,Natetheman223,us
kjpoey8q,stllr,ca
x7207vq8,JosueG,ve
48g27yjp,RebeccaRE,cl
1y8d6mx6,abney317,us
xyr6d7zj,teknik_,us
jmp031yj,tanisan,jp
48gq0v2j,Sarvets,us
dx37d628,m,ie
zxzyrm0j,Bregermann,us
jnzgkoqj,Magestikal,ca
0jml2qn8,Lothjon,dk
qjnvz3w8,Maelmc,fr
kjp40yjq,StingerPA,us
xy5v4qw8,iiNFerNooXx,de
qjnzd4dj,Cubex,de
1xyyqryx,Golg,de
1xy55zw8,sayan3,br
kj9vgox4,sharif,us
8vok235x,PurpleYoshisaur,us
x7244ey8,woollymamoth,ca
7j4160wj,Groudon199,us
zx7975qj,SebaOutbreak,ar
xyrzyenj,Dekz,fr
7j4erplx,FeaR,au
68wk3pq8,Damo578,au
xz9n3398,Admania_YT,us
qxk37p78,Scorpi,cl
8dw54vmj,Gluckieee,aq
o86vgr5j,Nathacsa,br
j96y42wj,oakstir,us
8v50lgvj,Paszq,pl
xkow0598,CosmicassassinV,us
jo3n63ej,SensaiOpti,us
e8ewpw68,neko_22,jp
j4r4g5d8,Wizarddog,us
8r7n676j,Lexatin,gi
qxk9nk80,Dode,us
18vywv58,DTG1102,us
kjpny44x,Eurostep_irvin,us
68w9pgqj,TheAndyGamingNetwork,us
xk4mqd6j,DinoG,us
zxzy6drj,SioN,fi
jmogplz8,FizzyFanta,us
jopw54lx,Jaz28,us
j9rp0dwj,kt_trpt21,us
zxzo1qr8,Zener,es
pj0g90mx,Badnik96,us
xy5n43n8,Cobra_X21,aq
o86meo0j,TheMcRaezy,gb
1xy3e6nj,theifatman,us
98r4y73j,xawk64,ru
y8d3y0mx,SuperSonic,us
kj971kwx,JuegosCutui,ar
dx33427x,Duraludon,us
kj9r6rj4,TheLostLlama,us
81q9gvqj,Myboofwaslaced,us
8l462orj,worldofrich,us
68w07z3j,Gibstack,us
98rvywj1,ZywelZill,sv
8e96612j,Stormcat22,us
x3qn0nkj,BlusWelt,de
zx72zvr8,kakkkun,jp
j51706q8,LilBroski1,us
qxk2636x,CritRocket,us
j03045wj,KidPoison27,us
18q04ojn,Pjii,us
jo3w3qej,ChaseTheAce31,us
qjop3p7x,Adachi4,us
98r4g3j1,davep4948,us
68w3563j,reallyhappysloth,de
7j49k4v8,WolfL1nk,de
48g4lgp8,SuperSpeedRunner,us
j0ngpg98,The13thArk,us
xz9nqe98,_pie_,us
jopm0n7x,TwistedRivera,us
5j50wynx,bydey,gb
x356rzqj,CostasBG,gr
v81kkvrj,talontrottinian,ca
8ge50o2j,Xwolf,cn
xyr3mynj,Scarlet_XSR,us
qjnpenq8,ShadowChannel,us
8rpk1p3j,kyrawr83,us
zxzlmmr8,AaronTruitt,us
0jmg7zzj,LegacyGR,gr
xylym7wj,gigapuddy,fi
8q3519wj,ToddoDesu,it
v8lqr3vx,IshidaEvil,br
jprmzvk8,SauceDallas93,fr
xy5qlvz8,Skyward,fr
y8dw5l9j,chronoon,us
18vvlke8,LuxStein,us
814orp38,shaobruna,jp
kj9k7yv8,darG,pl
j9rvemvj,TGS_Legend,us
j516m1g8,HuntingTreasure,us
qj25d7jk,Mcat55,us
qjog0eex,CynanMachae,ca
jn3zepwx,Uranos,jp
8d3zogox,mkdsabel,gb
qxknp07x,Cuttleshock,gb
qxkq57kx,yanapppppu,jp
jpmzw55j,LethalComet,au
zx71rqx7,Zellnuu,ca
qxkm626j,Shauny7188,ca
81q37z5j,buckaroodolf0348,gb
jprgn248,vardemir,ar
qjorwg7j,LumiTP,us
o86mlyqj,TEEX88,us
18qwzwo8,ZosoNaigh,us
v81q3o5j,Lizstar,us
j42dlzdx,thatonevenusaur,us
8r2l53wx,UhnkelLarry,us
x7qkzoq8,OddPandemonium,us
zx7536v8,Casu,fi
zxzv5nnj,Cadence,sc
1xypz2vx,GoodGuyTess,ca
81q3qelj,Bri4n_you_suk_lol,us
8gr3e32x,vanillazaki,jp
j5wokvwj,dirkdv,us
1xyl3yzj,littlepercussionist,us
18v53vvj,roostalol,vn
48gmggr8,zgl,us
7j4m4omj,WingedSupernova,us
48gnp0pj,lordmarcel,nl
v8l45o2j,Traine1995,de
j5wm376j,Coolms9,us
j0vm969x,saeyin,pl
qjo0k50j,XenuKey,fr
xz956698,Exploding_H4WK,us
o86lel08,keetketchum,us
y8d0dzox,Broran01,us
j0vwlzrx,TTVssbuTWACKED,us
e8edy7x0,pokeguy,us
8vop292x,Hex00FFFF,us
j2y6zn68,Froders654,gb
18vog1ex,Avgn_Gamer,us
x7q9z4q8,Neithend,co
dx3q0p2j,Chris,us
kj96rwrj,kyoslilmonster,us
j923rm78,Shroud,us
j5wkq9zj,K_M_overground,jp
zxzez4xq,Olympus72,us
x35vv57j,krubski,us
jp4zkr2j,BigBroIke,us
o86d3dwj,Nicklws,ar
kj9vv7ox,Baras441,ru
e8e01ypj,Rayz,de
8dw460gj,MasterEric,us
x35d1mkj,rychanwr3,gb
98r5ek3x,Usprez72,us
zx7ne368,Speedy00721,us
j5vvzqz8,Chyrol,pl
0jmzpzx1,OskarKolka,pl
pj0659rj,Boring_Borin,us
v8l4orjm,Santana,us
5j50gzwx,Deurklink1,nl
jmloylo8,EWGMikiP,gb
jp43n00j,deebe,us
xkod3l68,Snafful,jp
8l41mo7j,UltraA544,us
1zxz6e8q,ChrisLBC,ca
zx7q7kr8,iid01,jp
qxkodg78,BMac_Attack_64,us
v8155gqj,Akainu913,gb
qxkomg68,Mulsqi,fi
v8l6prv8,Wurtweakle,us
kj9pprvx,Franzcorr,it
qjngnw8m,Umari0,ca
x351r4ej,MindFlayer88,us
kjp9e3k8,Lukeduke,de
x351wgej,SsJonahsS,us
dx375978,Halation,us
8rpm6v6j,Crosser19,ca
qxk3l6k8,Rayleigh,nz
48gzlmpj,Hitshee_Spingear,jp
j4rp25w8,batake,jp
jn93v74x,cjrosselli20,us
kjpewz5x,NosColludimus,de
18q6kloj,FunC_Controls,ru
kj9koo78,Duders,us
zxz43l4j,TheAmanix13,fr
jnzk0pwj,nat_,us
pj034mwj,Sin,us
qj2wdpjk,Mr_Shasta,us
48gqw92j,LMR,fr
8ge93qyj,Deathawakener,ca
qjne76wj,Niftski,us
18qgk5wx,ZBR,us
xy51zdw8,Lgtrdh,jp
pj0rqvwj,bre4d_,us
v81r53lx,sorantyan,jp
v81v2r8p,Dangerless,us
qjn30owx,Smartball,us
7j4w1ymx,Rheinmetall,gr
o86744qj,kidkingdomruler,us
kjpyloyj,Nastaros,ca
xkony098,ZachyCat,us
0jml3y81,swordsmankirby,us
kj9l0pwj,FunkyCat229,us
dx3vw9e8,081chaz,us
y8dv4vo8,AlphaYui,de
j03n24wj,Tfresh,kr
98r7k2dj,awesomeyoshifan,us
8ge2q1pj,kmbyukarin,jp
qjn0d11x,ShVAK_Ome,jp
8e6zzwdj,placements,us
o869gop8,Datoad82,us
1xyvqlvx,gamecubeguy214,us
v8lrgl8m,Ben,gb
98rmnygj,EldinB10,us
8ger577j,MortimerNova,us
5j5myzz8,Pignickel,us
zx7gemqx,Captain_Ezekiel,us
o862w00x,Setonkeys,us
jp4pr50j,Oscarminer,us
qjo50786,TheMalaki,ca
jp4ev04j,KenNeko,jp
5j5dllz8,Jaag,se
8d3ew79x,soundsofstatic,us
0jm7r3yj,Usyuuu,jp
jml6peo8,hoot_64,us
qjowvn86,XandoToaster,us
dx3eol7j,crumps2,us
qjo3m0ej,NINEdu,de
8vk23evj,tanmomo,jp
qj237plx,zachary,ca
qj2ymk78,piner,us
qjn0ywwx,SuperSleepyT,us
jn3vno4x,Eray,tr
qjn2rkwj,Ecdycis,us
68w5nq8g,Phio,us
1xygozxr,BielR3,es
18qrqvwj,TheBelmontSteaks,us
jop9q5nx,mktpro,ca
y8d2ogoj,Acelord,au
qjnv7m18,dot3r,ru
qj247do8,jessi,us
qxk44d7j,Mr_R,kr
jp4zwl5j,mountain_gorilla,jp
48gn05yj,PyramidK,es
7j46qdl8,KenshinTrek,ec
x7mmkoyx,Lil_Miau,de
86v4wy5j,Ys101,us
xkoyp528,MasterMind747,ca
8e96r66j,Nimzo,us
o861r3jz,Berris,cl
kj9we9w8,Kannadan,fi
o86vyy0j,Major_Zero,us
zx74rkvx,tarte_shirasuzu,jp
jo2r0338,Shympke,pl
pj0z4qm8,Bogie,us
kj932moj,MrMonsh,ar
kjpo6lk8,DreamSeeker32,ca
8qz0k278,Eekhoorn15Joost,nl
816yg33x,JonathanHT,us
j4qeymmx,katstakye,ca
xk46l5mj,Ocean_Man41134,us
jn3zgvdx,Cpt.JJ,gb
8d44gz98,Lookjoey,us
863gkrp8,jasperr3,gb
qxk13n2j,MysticManiac,ie
o86dd0jz,Indextic,ca
zx7lwyj7,cantaloupeme,us
18qqmpw8,Massbanban,jp
y8dpm058,TheRetroPrime,gb
kjprpe48,rusto,us
18q47odx,HopelessJenova,gb
qxkzmo6x,ki9698,us
18vng5jl,DomCriss,ca
7j4q7pdx,DD_Gamingz,ca
j260nmnx,JwebbThePleb,gb
8ge3zgrj,NaN0_m8,us
8l060v78,Sawyer0622,us
1xygygnx,HiroMunii,br
5j5rngxv,TheRussianRuiner,ru
48gr77xp,EvilAsh25,us
kj92mmv8,kinkinkijkin,ca
8ge3o3rj,The_S1d,us
pj01ewxw,Midnight_Vesper,us
e8e75d2x,iscreaman,us
qxkze0mx,Chael,us
qxk7wmmj,Norishige710,jp
8dwdnpgj,Verror,pl
qjozwzl8,dat1niceguy,us
8vo2d0yx,Luccaozito,br
o86d4r3j,yoshicrust,us
5j5gren8,Spielpro,lu
zx7ek1q8,Chronos,us
8l0y40l8,SpeedyClub,us
816lg05x,SauNaCM,fr
j9r6elnj,neckdino,us
zx7g726x,ZachoRockz,us
e8e2oy28,D3lighted,us
8ge9n92j,Rainbow_Ride,se
8rpl153j,ItzBytez,us
jprpe258,Coolguy1782,us
jml042o8,kanz997,pl
jo3z1nej,Mccalamity3,us
8ge9mdpj,Runi4,es
y8dk7mj6,Lombax999,us
68wemv8g,Maximumrider999,us
qjn9711x,MuzYoshi,gb
18v5v65j,Madu,br
x353dr7j,Finnii,de
814d0g38,TSY_TGA,gb
j030714j,tamitami,jp
qxko67k8,Maman,fr
zx7gw0rx,st4nzzz,ru
x3mpv468,kiyog,jp
48g2307j,Zeepo,us
jnzpk5wj,Jtinga420,us
0jm4w44j,Spuzza999,au
48gv03r8,JairGamer40,br
y8d3k7mx,JessAether,gb
j0veqq4x,Evilklm,us
7j42lldx,Xray662,ru
8rp12ddj,AdamTheDragon1234,us
8g5m0lyj,edaam,au
8d4rv358,McMajewski,pl
o8619l3j,ThreeToadSloth,us
j2w125pj,IncredibleLui,de
5j5rgqxv,Kieron,gb
zxz9gqr8,CapitanBublo,es
v814y538,Neural89,ua
kj96gmvj,Awhitmore,us
18v5745j,7thAce,us
xz7n24nj,cmd1,cl
68wo613j,BigfootsGhost,us
j2wgeolj,DrewPBalls,us
5j5116w8,ThinksTheClown,au
zxzyz9ej,jjg27,gb
68w0kevj,ADeadlyHobo,us
j92yn4v8,Jasnix08,us
j4r9dyv8,c@nchero,pe
68wg45zx,GamingLand,bt
jmoz53o8,SE7ENtotheA,kr
8dwgoggj,Adept_spd,us
xyr9r5yj,crewsopp,us
68w9rp3j,Luijaro,cl
zxz00098,KartSeven,fr
xkodpwm8,Kid_the_Auns,au
qj2002px,GaleS_YT,us
18qp6lqx,Plierr,us
jp49lv4j,Steakanator,ca
0jm35qy8,Benja,cl
j92y9kr8,Dicivi,mx
e8e9y0pj,Zook,us
8rp0kkqj,alexdgr8XD,us
jmo4ngn8,zebastian91,us
xk4vp46j,Twili9ht,tw
x729lqv8,Kaze32,us
8rp56qqj,The7thSurvivor,hr
8wkoeg38,ThordanSsoa,us
8ge2537j,CrabbyCrab101,us
v81kv5jp,KDavisSRL,us
8q3pzzwj,owatadayo,jp
xz90p608,MattGael,ar
e8epl72x,Almototo,br
48gewk1j,JMGderSchnitter,de
8r25o96x,Feradar,pl
kj9p227x,electronicLogic,us
qjorrkej,Wakaza,jp
pj06wmjw,HouselessGamer,us
xy5z71v8,namakura_zanki,jp
8l4v79vj,Andwen,us
8d4y1458,Blackblade8,gb
x7me49yx,Awesomejmk,us
j4rgk3l8,Guyizzy,mx
jpr5qg28,Bosch678,gb
jproz428,TheLegendOfLame,us
8gr6y61x,jachu__pol,pl
7j4v6dj1,RubberDuckyAssassin,us
qxk5g5mx,Lemur,us
8d4lrp58,Lisaq28,jp
8d4gnol8,DCT_Speedy,gb
y8d7r6m8,Rensay,jp
98ry14wj,papanug,us
qjnzl14j,Junky,us
8geooppj,MisterI,pa
5j5kkqgj,souki_ao,jp
v81qqvrj,VoltKraken,ca
kj9035oj,Cakiinhu,br
8vk61vej,Izala,us
jp43v94j,ISH,ph
pj0p6rxw,Slyfincleton,us
zxz70rjq,JHobz,us
dx359ykj,CubemasterXD,de
dx354ejl,Drakodan,gb
jo3d0e0j,DarthTyrael,us
j4ryqww8,Ösi,at
98rpn9gj,Aerlien,us
8e9q3d7j,SplasBoi,se
qjo0q3j6,Tojju,ca
dx3pn28l,RetroBrando,us
xz7vrd9j,Doodle1,us
8rpee0qj,LiamStardust,gb
xko7ng78,DragonEggOmelette,ca
qxkmynkj,Darklink2nd,bz
e8e2m2o8,Dashey10,us
y8dpe7g8,FlyHec,us
18qd037x,prohybrid,ca
18vn7nyj,kryticalmind,br
98rm4ldj,Schiyo,us
j5vqvrg8,DrNebular,fr
68wn7kz8,Blazya,ru
zx72vnq8,Tboy,us
8ge9m2yj,totalnonsense,us
7j4qqyvx,Tinywetblanket,us
x7mwz3rx,Radar_06,ca
v81kgqlj,Kaori_3,us
jn90r32x,Bobek,pl
jmp2l9nj,TheBruteDream,us
18q4edxn,Isaq21,se
8rp52ydj,Alek97,br
18vy5lv8,kamil2050,pl
kj9kww78,mikefood,us
jo3m9nej,pJ00nas,fi
86vk3k3j,ThreePeaks,jp
zxz7m50j,DorkmasterFlek,ca
48g54r1j,General_Guy_onTwitch,at
dx3kk7jl,Xandervile,gb
j92zqrn8,komfona_zyg,us
e8e3zkoj,superxiaojuju,cn
68wrym4j,RDTUniverse,us
j4rgzlw8,CharityRoyall,us
jo3wylej,AceKoshy,us
qjnk7wjm,ConnorCordell,us
48ggney8,TiananmenCubed,us
kj9yp4wx,SecretAgentJacob,us
8lpp7p2j,Czikubi,us
kj964zrj,Aztek11rus,ru
j039d94j,mistrzpajda,pl
98r5vwqx,SBDWolf,it
j969m6rj,SexxxyReagan,ru
8e9ygkpj,schwarze3010,jp
v81764q8,AK8,us
j5197n68,FreakyGe,at
xz77vnej,illutris,us
5j5zkywj,TheRetroTherapy,us
zxzngr0x,MasterBugCatcher,ca
jo3rpqnj,teremi,jp
j2y4gzl8,nicowithaC,dk
xkoy41m8,twinpha,dk
0jmd67nj,kcaj,gb
jmpzq44j,JDElfo33,ve
8l0o4748,BleedingBlue11,us
98rld681,DivisionX,nl
8qre9edj,cpenvente,fr
x3q2vlej,Droois,us
1xy71qvx,FattBoi_TubbTubb,us
jp4z7n4j,jcgb0306,br
5j5nmrgj,Mowlie,de
e8ev9pox,Bassguy4,us
v810vnqx,C_Sharp,us
j0vo9mwx,Wlodek50000,pl
1xy7pnxr,Winslinator,us
1xymo7wx,GeneralToucans,us
qj2po4l8,andyw3321,us
zx7y7rvx,thenesmaster,mx
kjppr35j,YossyHop,us
xzlmz548,Bonez420_X,us
j2w2popj,MrHarlze200,gb
18v56wyj,goatpuncherarctic,us
814p93r8,ratyu,jp
qjo3no7j,Kjata1989,us
18qw1p78,HOAGEE,us
v8lkn3rx,HotCoffee,ca
y8dnp4gj,Droogie4Ever,us
zxzpmmnj,MiT_Epona,us
jn35qqdx,247Yugioh,au
zx7p9vqx,Matzeeeee,de
qxkol980,sk84uhlivin,us
zxz9ozr8,nezumiirta,jp
v8160drx,InTheMug,us
81631d3x,Loogie222,us
v81m2wl8,muckemannen,se
qjoylv7x,saulonpb,br
7j47nlvj,zanth,us
jo24g5e8,Visinial,us
8vk6wo5j,Leonard317,us
v815zm5j,Golden_Scorpion,us
e8eo1y7j,Knockels,us
x35zd96j,LadyGalaga,us
qj22l2nj,Rogerpoco,us
xyrvpezj,MasterBoogle,fr
5j5gg9g8,Techie81242,us
863g30q8,IcySoapy,us
j4rg4gm8,Casualygamin,us
8e9kmo2j,Doubleedger,gb
8w152yzx,Daniel_JAPAN,jp
5j5976xv,iycewynd,us
xz7p924j,MusicNGaming,us
8d3e0lox,LIZURO,fr
v8l42vjm,gymnast86,us
814gv9q8,JamesterPD,us
1xyro2yj,Beepus,us
j92zg978,Natani,us
y8dmq4m8,Unreal_Disaster,at
qxkmy9j0,ajneb174,be
x3qp2nej,Fragmentation123,gr
j2y3q4l8,scragglebum,us
x35pq5kj,KThree,us
18v7vze8,stevenashe,us
v8lovlv8,Tiket,us
8dwrydmj,TheFletch9,us
qjn32w4x,1davidj,us
qjn3l2wx,gamebrain1,gr
kjpw4rkx,Mr_Safranek,ca
e8e9l0pj,slippy318,us
jmolp1z8,RandomSauce,ca
98rdkl6j,Amune138,us
qjnqro2j,Cytruss,gr
kjpk14xq,Arkanias566,es
0jmqqkox,ersatz_cats,us
j0nqyk98,Shika131,fr
1xyor2zj,onetabloid,gb
j2yr1dl8,mochishio,jp
wzx740x7,Smartkin,ru
xz7l6gej,abcdbga,us
xz952o08,PikHacker,us
qjog0mex,dopeZera,us
5j5zzqjv,Redhawk36,us
j0vwrm3x,spiritual141,gb
kj92zdv8,Destructor,fr
dx3rr7xl,KayeXP,us
1xy44zwx,KiwiTasticStreamer,nz
j9653ywj,konitama,jp
68wo03jg,TheSabin,ca
v814y3p8,Arttles,pt
98rlk5g8,Etarberec,us
1xyoooyj,paku,fi
7j4wg1lx,H4LFW1T,fi
pj0d7omx,MegatronECS,no
zxz2pk9x,falafeless,us
98ropzd8,GrandCoune,be
98r19ywj,TMLink,us
y8ddom86,Stunt_sr,us
68wde3lx,8bitgamerx,us
8rp3nkwj,Justinator721,us
jmpqow4j,thrieks,de
qjowkp38,EmoadNomad,ca
kv81npjp,WedSR,us
j5wvn5gj,OneBeardyBoy,us
5j5mg1n8,Akeshic,gb
j42e56vx,ZordonPrime,de
1xym9mnx,Jean20B,fr
j923dko8,Zzarkz,gt
pj0wqpm8,Ra_Woo,br
18v690nx,xenkaroshi,se
e8e3me6j,Ghyuty17,us
kjpq6kkx,Gilcatmey,mx
j03vy7wj,LUCHE,jp
j96l16oj,Tutis47,mx
jpryzlk8,rymathom,us
qj2z2poj,ShrimpiiBoii,au
0jmom2n8,TuKéZu,fi
zxz5r7nx,Bison_H,ru
kjp7rw5j,OmniMitch,us
dx3y768l,kyleb30,us
68wk7yz8,SuperPitFro,us
98r1e6j1,PurpleDragon796,us
pj0nkow8,Rilani,de
qjn92rwx,Anthopants,us
o86vvg0j,CrispyHanako,us
8vkyd45j,titanical,ca
j4rq9k58,Trinton,us
j96l10vj,Moizt,nl
jp404mkj,TurtleSpeed,no
kjpw9g2x,Tortreeckawottolu,us
v81d7v38,JtpG,fi
kj9g3dnx,Rakurai-UK,gb
j2yp0q68,Steven909,us
jmp6drzj,SotaroKomaki,us
jnz92g1j,Senorbruh69,us
0jmr60e8,pyrobox,ba
qjnnpzwj,WjKoen,nl
0jmnzex1,MegaManX306,us
zxzwpz4x,oPxrcy,de
j9265y78,BikerBones,us
zxzl4l48,F3nr1r,ca
dx35l97j,ANGEL_UNDEAD,ru
pj045e4x,Su,jp
1xyomzwj,RPMRosie,us
7j4pqwj1,NME,us
xy5kd6y8,Xemnas,us
dx3qpkjl,kintonians,us
zxze4nnx,Yumashev,ru
pj0p0w4x,RunnerAF,us
8e9wyv6j,Ingnitiion,sk
8rpn93gj,Asahina,jp
qjned7dj,ajchimaera,nz
x7qy0yq8,Sideswipe,us
qjn0yowx,Mars02,us
j2w5wvpj,Doomed_Toons,us
7j4m1qwj,ericanewgirl,us
5j5we6zj,ICEMAN,au
kj9rr6vj,-Varm-,us
48gm5478,Romulus08,us
dx3qk3qj,mdmason85,us
8ge02v1j,eHolden,ca
8rpyveqj,Tato_ISR,us
qjoeozl8,64bit_link,us
qxk63468,Septerna,de
qjn1mwq8,Minuy600,nl
qjn9k4xm,spidybawlz,af
qjo2r086,Vallu,fi
pj023r48,NeoKad,ca
8r70gqgj,Antenio,fr
j5wzz2qj,HosteL,ru
48grmrxp,Saiyanz,au
v817zp8p,ElectricFortune,us
qj25g9pj,tbyrn21,au
qxkgnz6j,JHawk4,us
8qz7dy08,TheDementedSalad,gb
qjoy7qlx,Tunbi,de
xz905p08,Pikma,cl
jn33lwqx,thesuperplooch,be
x3m19v78,ShadowFuze19,fr
v8lgkerj,Hen,de
x35pro6j,EggsKingdom,it
xko4wnk8,Liar_K,jp
v81z15jp,zer0skar_I,fi
98re0zgx,Discharge15,us
j42k95wx,The_CSS,us
jn32ywqx,Quillzz,us
8l041e28,cjs0789,us
98rp2dqj,Smileyz,us
18qno2q8,CrystalCrown,gr
18qomzoj,KrunchyLex,us
j924z7n8,JKelliPjona,pl
j0n14zr8,PossessedHood416,ca
dx3kdkej,HannibalGraham,us
8r71l13j,DeepStackDave,gb
j42ynw5x,RayPlaysGames,us
0jmvvwoj,topiary,us
pj06y3jw,Butterlord,ca
kjpdk10j,SadManInSoup,us
e8e5mp78,Chimforce,no
dx394zkx,max25,gb
81qq0qpj,titmushy,fr
e8ezgp28,Wallguy,us
98rd6rdj,komakino,jp
86vkyd5j,JuFran_514,es
e8ekm0p8,Chalk_Head,us
8dw92dgj,DylanJayFox,td
qxk5gr6x,shin1005,jp
e8evl02x,Nightmare101010,us
8en422o8,B387pp,us
98rm716j,chris_runs,at
qxke61kx,gogoRPG,es
xz79yorj,milestaills,br
x3qvoo2j,Pesty_rpg,us
x3mv4g78,Pires,br
98roww81,TarzantheGreat,us
98revnwx,Razorflame,us
81qmg15j,acedog11,us
98r53dx1,MaskedKirby,de
gpj0ywxw,Xer_91,de
xy551qw8,Royalminecraft77,us
48g9opxp,RioPeace,us
qxkoek80,Savusukka,fi
kjp7ww4j,Unbones,aq
816km03x,gaugau,us
kjp1670j,Cha0sFinale,us
863np058,Tylrgame,ca
pj0nnm8w,YW1,gb
81q6ekqj,patrick_is_cool,us
jmodr7e8,imo,jp
pj0zl38w,RoHiSakk,cl
qxked79x,Japsiman,us
v8l9528m,Suzuri,jp
0jm4o5yj,morshi_743,om
jmpqy74j,RangerBaum,de
18qv1odx,BtBaller1738,us
8qzr25o8,SigNastyTV,us
qxk5en2x,ProtOkami_,us
j5we0vwj,Drtoadstool,us
98rkqeqx,Torpedo,us
qxk2okx0,trihex,us
xy56rkn8,Crasher4657,us
o869zzp8,maharaMosura,ar
v812135j,PANINIHEDGEHOG,us
xy5qyyy8,LightningCollector,us
y8dwd1mj,Avouca,ru
8v524vvj,gc_one2,us
j0npen98,cococrunchtime,us
jmo320e8,OrionYTP,us
j2wwzznj,JacobYoshi,gb
7j45nvx1,Soka_Gensou,fr
qxkm5kmj,Hemmy86,se
qxkee4mx,xKelseeeey,us
dx3pk4q8,KatLink,ca
8qrw43dj,MasterLeo,de
8v5zp2vj,lulprumpt,be
18v7pd58,JoshSandwich,gb
8gr1e3rx,Rohbert,us
j2yo61o8,OutOfBeers,se
qjn6mwxm,UraniumAnchor,us
x7qm94q8,justanaverageweirdo,us
qjo3rnnj,UchihaMadao,pa
v8ln71rx,auraace,us
1xye1mv8,SanokMaynik,br
e8elvk2j,JackDraz,gb
pj0z698w,Ua_Blaze96,gb
qj2p65l8,redberpo,us
8142pdq8,Nickybats34,us
pj0oprjw,Ouiji,us
5j56gmqx,Praecipua,fi
18qz7n78,Tebt_W,ca
o869v58z,Pikachu,ua
98r5kpgx,Xombiepunk,us
xy52p4w8,Skeeter,us
kj9nyrn8,BiggieBearBoy,no
814m2758,Wisey,gb
98r5vpwx,Kate,gb
7j474ymj,WanderingNewbie,us
5j55nrzj,SeryuUbiquitous,us
v81g71p8,kurukuru4263,jp
7j4qwm5x,Neuroholic,us
jop1ellx,PSYCHOTATER,us
0jmomwe8,FumoFumoMeiling,ca
jopqd7ex,Silkychris999,us
98rl1g81,Nerf,nz
8vk5mzej,Tsurupon,jp
68wmnw3x,earedgamer,ru
o86pyzqj,Hiplup,ca
e8el3ypj,StealthNinja,us
v810zz5x,Bluekandy,us
jn3new4x,JBFcrasher,us
y8d9q5mx,Avalonith,us
68wk39v8,norimaki_sr,us
qjow64l8,D00MH3R0,ca
1xygnrwx,camembrie,us
48gq2yjp,Skitz,us
814q95r8,doccanodareca,jp
0jmpdqzj,MSKain,us
68wne448,FelipeNascimento83,br
e8emovdx,Aranel616,us
y8d3nzlx,CrazyMuffin,us
qj20w1px,NekoVIII,gb
98r35wq8,shovda,us
814yk4r8,Scarface,nl
8qzo95o8,TRLittleToaster,us
xz9o1448,Doggy333,be
8rppeywj,bubsta,au
5j5l7gxv,Luigi9990,us
jn907rdx,HADESSO,pl
0jmpy4j1,AlfredoSalza,cl
kjpdgo5j,BrunoGamerBr,br
o86nqzwx,bombom,us
e8elvpj0,Seedy,us
v8llvnl8,SlothSG,us
e8e06e7j,Bloupeuh,fr
0jm4z3nj,Miniland,gb
8v5940nj,lalalarix,nl
kj942m7x,doomguy11,gb
qjn12n28,TxK_Keys,us
e8evko2x,webs2d,us
zxzr25e8,saxman1089,us
18q37ldj,DrMaxtermind,us
8l043778,Ac_143,ca
jp40lr2j,YourAverageLink,us
8enr07o8,royaal,ve
7j4wpdlx,AmenAnthem,at
jmowl448,Groudonboss55,be
jp442v4j,Venixsea,us
x7qgpv68,SlosherWailord,us
8gel27pj,xHaii,fr
8wkpqd48,B12,us
7j4qvdx1,Nacho,au
xz99dz48,iMathII,ca
zx72g687,Blazeingphoenix,us
48gepn1j,FlopCityHeat,us
xz973ge8,Rui2Pop,gb
v8l7rkrj,Doughboy,ca
7j4dwqmj,DethThePursuer,us
zx7y6lvx,Jishkared,fr
jprq5e58,xtra2Ez,gb
qjovgn0x,justGaminEuw,nl
x356vekj,ArtOfSteve,de
18vkwyjl,Gamecuber,us
8d30e3mx,RG_NaZe,us
jmp6m9nj,ShinoTheFrench,fr
98r21wdx,TaranBaron,ca
dx3qwv2j,UncleLionel,us
kj9ozkoj,petriform,us
7j4np25x,JuZockt_,de
qxk4wzkj,axelblaze13,gb
j5w23rzj,-Hoik,au
0jmmv1oj,audax,gb
v8l1m64j,INightmare9I,ca
y8dmdl86,Bagoms,us
jnz1ze2j,youngsterjoey,us
y8d43m86,joka,se
j4q0qpmx,LesserBeings,us
0jmzqq4x,proa007,us
0jmeyyox,kibowman,id
j2ypp4l8,Starrich,us
qj2dvmp8,Kris_NagaXIV,us
xz9kn798,TheMechaKong,ca
jprvg7k8,MonkeyOmega,us
e8e9lr6j,DaMidget2000,au
v81md938,Wipeoutjack7,us
j0n050m8,SirSkargot,nl
7j4r1dl8,AnimeGameKid7797,us
y8dnn15j,aaronruiz15,cr
o86o5o08,Deathiance,de
48ge292j,g0goTBC,ca
xzl2np98,KDMREXYT,mx
o86323q8,Okmenaut,de
18qyzoxn,ryuknote322,no
v812r5lj,SomeSpeedrunner,de
8ge1g4yj,oldkingcake,ca
8143wpq8,Sanaito303,us
j5wg15wj,TheNameless,gr
8geomdpj,NayKruM,ht
1xy5ww8r,vlackSR,hn
7j4e2ydx,Ladell,tw
8wllm7zj,beQuietand,pt
o86vr0qj,FitterSpace,us
814w11p8,BryBad,us
jp41oryj,neospencer12,ar
1xy554n8,Meawch,fr
7j4oy1l8,Jadusable2,us
7j4g7mwj,PoisonedSprite,us
8vkvy55j,AyKayJee,tr
qjnwzqqj,LeonHadouken,ru
jo36mq3j,Air_Cooled_Pancake,us
zx71zw0x,MIT_Battery,us
y8dwl3oj,Nurmat,kg
68wl1nvj,Ninnyz,us
8ge1n5rj,Hello1nternet,ca
8rpokp6j,Meliora,se
y8d6k1ox,ZerokenFXGX,jp
kj9dqg7x,pureo_nikku,us
86vn91wj,SoapAgent,us
18vzk9nj,Mases,us
j92yk578,neujahr98,de
qxkn222x,YNiekAC,nl
18q2pr78,TheCheeseball81,us
qxk51qmx,YuriDensetsu,br
v81vgl8p,OldSchool_Richard,se
18vqqoej,ReNeDe,es
xk40ww2j,Porkinhiser,ca
kjpqdvkx,RickyBoy_EA96,ca
o865gk0x,DevXii,us
j42kz0mx,iron_jones,ca
8lpzk3rj,ilan,gb
8v59ze2j,WhimsyHS,us
814q2yp8,bradyo2,gb
j2w43z6j,will_is_online,ca
1xyolnjr,AnEternalEnigma,us
814ord58,Slav-trooper,by
8rpdnlgj,FoxyLove,ca
j42wlelx,Loshara,ua
8dw152mj,CurtsNewBrand,us
zx7lov6j,REZOF,jp
86vd4zwj,GreyGurd,ru
zx7m40x7,Gamerob,ca
x72195y8,balazssudipanda,hu
qj2m9kn8,PlayerGameSK,sk
v8l4r04j,JeremyMKW,us
68w2ye48,RyGuyNaka,ca
8vkg0rnj,Puni,ar
86v52p5j,ZahnZee,ie
18q64ddj,Moo_Moony,ca
68wlrlqj,GCXFilms,us
18qzwwd8,Iceplug,us
5j5pwpz8,STROUT,us
zx79pyqj,Arknsur,jp
x7m20n6x,CoolKJC,us
98rpwl6j,rudyxx,cx
qxkmedmj,ImJecht,us
8qro937j,Al201999,us
qjokwy08,Aimsyy,us
xz9y41e8,JammyPat,us
e8e96dj0,JosephHTobinJr,ru
8rpg37wj,GryphonRootflyer,us
8r7lv5wj,tekehesh,jp
pj0r6yrj,ghostDunk,us
xz7o4z9j,elmagogamer,ar
pj0g193x,UberCat,fi
98rzz0qx,Darryberrymemes,us
0jme4zx1,Silverhand,us
kj993vj4,NinjaFalcon2,us
xz7m6q4j,regularstormy,us
qjo30g3j,BlueMetal,us
68w3kdvj,TediousThrone,us
j42dq1mx,Sadkiel,us
8e9k6r2j,Squashh_1,us
18qqgzd8,goth4goth,be
jn3lq5dx,spiritcomputer,us
0jm346z8,Marsh_GL,gb
xko1llm8,JLet,us
zx7mknvx,DunkelGotik,br
zx77qrx7,Dayoman,cd
y8d4p5g8,Poahr,jp
j2ypqzl8,WillPending,us
1xyy2qyx,kyraa,nl
xyr010yj,Rilik,us
qj233nxk,lackattack,us
qjow7o08,Snypabob,us
kj9yg2wx,baldnate,us
o86r5rp8,Kitcot,gb
qjnr14xm,GrowthKasei,se
y8d3wmx6,RebelWatt,us
j5vek0n8,texensis,au
j42dp9lx,nek7mo,jp
o86ydpqj,Zuiopp,de
5j5qy3nj,GaudiumInfinitus,gb
v8lp0nlj,Xander479,gb
j5w7e26j,dizzy_who,us
xko30k68,Rashok,pl
xz7ree4j,ray97_ms,us
dx3w7z2j,S0nic_Blade,us
48g5ey1j,Xafication,fi
zxz10q4j,VICIOGAME,br
8l0zq448,ZzapiDBM,fr
8d32579x,raimhe,ar
1xyon4mj,savagesaskatch,ca
qxk50m2x,Raymandicoot,gb
8q3np0wj,Playbase,de
zx74kp0x,Tsjerno,be
e8e6r3dj,DadLovesBeer,us
qjny5e18,George_Washingtoad,ca
v8lpllrj,ViviBloom,us
8gr0dk7x,cralem,de
gpj0p3xw,TheRedhotbr,br
v81o6wlx,DylCat,us
v814kdr8,Herreteman,es
8qrm377j,MTKwoodworking,us
8rpdgv3j,Naka,fr
98r7pwj1,LukeRF44,gb
zx736eqj,CreepNT,fr
0jm7kyzj,Gameboy9917,us
qj2l0n6x,seepinglight,us
jmlm0348,majora1176,us
xz9y53e8,umbraaa,us
8v5wooyj,clown_depot,jp
o863l438,Spudd_4343,us
8g5reo2j,SolisStreams,us
v81mg158,Lairar,de
7j4ydplj,TerrificTa0,us
18qr9mqj,Nick_,us
8wkomvv8,Flipnamazing,us
dx3k0w7j,Ryvex,us
qjovpznx,GregoryShepard,ru
kj92gor8,Leonis07,fr
kjp1pokj,j3j_ajxx,us
1xy0evyj,Venomplay,br
x3qdq42j,Stuffedpie,nl
j92vpow8,Horabe722,hu
jn3wnqwx,fern_afertdact,us
jmpr7doj,jorisyo,fr
jp4vo62j,residenceofthedead,us
86n225px,Friskiest,us
pj02pl48,LevicusX,gb
j4re01d8,Rodrigoleitao,pt
j4rd1358,shreksofoon,nl
j2wkdy6j,attackofthegio,us
qxkm6dkj,linusfrog,us
j0vl4zrx,CowboyKek,us
8d31emmx,thenewbplays,us
j923o578,JuicyBluePeaches,us
qj2dw2l8,negurusii,jp
kjp59q0x,Tucabass,br
e8evrm6x,ElectroLlama,us
816g32px,Nikm,us
qj2y14o8,Glover75,us
xk4knnkj,Retired,gb
8qzoem08,enjoy3915,jp
j92v6ln8,The_Pionner,ru
8d3d629x,xAguax,us
8r2k69wx,wangji,pl
18q2z78n,Jaxler,us
xkon5198,jeli,us
xk49w79j,B1ue_devi1,us
8r27dqdx,Gorby,gb
18v3l5yx,FlazerUprise,us
8en4mv78,helfmyselp,us
68w76vqx,Roamus,ca
18qk1m78,Kiwami,br
8gr9zd7x,Funny_Animal_Gamer,us
jpmorwkj,AlexZarD,do
18q3o3dj,BellumZeldaDS,fr
68w3pmvj,BigBlue,cn
8wk11yv8,Cruzinki,us
qjozdqe8,Psych0sis,us
68wlmyqj,EricPTG,us
8d3el3lx,thekrynn,us
zx79y0j7,Kaui,us
5j50lggx,Arithmic,us
0jmr2oe8,Matthewz_CS,br
8l0kq1v8,GroMic,be
j2y3m7n8,aslov,us
y8dwnw9j,maraboto95,mx
8vklznyj,Drippler500,us
v8133zqx,xxxIndyxxx,nl
v8lp257j,CharlieBR,br
pj0eydw8,Rychu,us
xz702k0j,setsua,ca
68w66wzj,markmillian,dk
qj24yvl8,juckscolvel,gb
xz9d2o48,Diller,us
j0ng00m8,RKREE,aq
kjpw10xq,SuperSqank,ke
j0vlko4x,Waluigi_Goes_Wa,us
68w3o43j,shirokirby,jp
48gennrj,BOP95,ru
j519q568,RecantoSombrio,br
v81deyl8,SorcererSeige,us
8dwrp79j,ih8ih8sn0w,us
8e9gl0oj,cicadasweet,jp
o8642p3j,yosshiV3,jp
qj2ppgl8,Cannr,ca
jmoy04n8,SLVG,ca
j2yo5kl8,FriedApple,us
qxkoz198,narshe,us
8grvzz1x,amazingpierre,it
qxkdd16j,JustKillingaming,fr
xy5mk1v8,Volgher,br
e8emm37x,thundy,us
j0nekww8,JoshGordenGames,ca
18q0rq0j,jblue42,us
x3q37qqj,Kyylä,fi
v81oyw3x,MF_D00M,ar
7j49rpv8,Retrothunder,us
xko20y98,Enderr,us
qjngm028,Interval,us
8v51r15j,MusicbotMave,de
8gek5e2j,Flooferdog,us
e8ev77x0,ukionik,ru
7j424wx1,authorblues,us
zx72k4r8,Yoshi_Zilla,us
j5w5k06j,DarkenedStarlight,us
kjp0m48q,thetantalus,us
zx743ryx,BlazerXeno,ru
86nglmpx,tophu8,us
j9214qo8,RSpeedy,gb
x3569rej,Mintopia,gb
jmp13eej,AgntKSmith,us
18v3pr5x,Eziopony,fi
o866mnp8,gossyo,jp
8qz3r3d8,manztellen,id
81qq6olj,DLRNemesis_Enforcer,us
5j5p30q8,LonLonAH,us
y8dryzmx,Reed,us
7j4qmpvx,Fungo,us
kj9rv7j4,Washeyy,au
jnzoow4j,BlordBlordan,ie
qxkpk19j,Turanin,de
98rww2gx,MrReXeN,dk
zxzl1pn8,molgamess,fr
8r73l9dj,YJustinEight,gb
qjoz2n86,T3tsuya,us
j0n7vzr8,Exosfear,gb
7j4d0vj1,Brooklyn,us
814nlol8,Some_Texan_Yeehaw,us
v8lo4l48,fiko93,tr
pj0z1698,realPATendo,de
j0vwqo9x,budzyRNG,us
zx772q6x,clarinetjo,fr
8dw9v2gj,NapZ,br
j2w4eqoj,ReapzerKid,us
xyrk0pvj,jerrie11,nl
zxzl2v08,Orange_Tier,us
jo3v2qlj,AzraelHobbes,us
8qzv2gw8,MaiBlu,ca
kjpnwe4x,BalmungOni,us
xz9y7d48,Megalan7,us
86vg2zpj,tinman,us
xk4k0qkj,RunningRetro,us
j03rvz4j,mythicalketchup,pk
j2yvoln8,DeDeLux,us
zx7ovr6j,ClassicRagu,us
xz94lz48,iGem0324_,de
5j5peon8,Calew,fr
zxzygl4j,smartalec24,us
8genozyj,beinbeinbein,jp
8e9dl66j,Abused-by-a-mk2,us
kjpnw5xq,LifeL1ke,us
8wkgrw38,Belattor,fr
v81rd6rx,Twink-ee,us
jml6g5z8,Fate_Wolf_,us
xzlndne8,Sooldy,us
j4rgy0d8,Amabe,jp
5j5rvo6x,ItalianStallion619,us
j9232m78,Eric_the_Great,ca
8e9gegoj,Jasonator56,us
qj2d178k,Komrade,us
qjnvgpw8,peanutfish,us
68w77nvx,Jayrude,gb
98rl2vd8,kickasspancakes,us
48gmw4p8,PikaYolo,ch
zxz6nne8,Todesnarr,de
qjo2e1n8,Bonebutt2013,ca
x7qklg08,Kingof3s28,us
8vk4l2nj,CurienTK,us
e8eked80,Shadó_Chimera,us
x7q2lnq8,KingofTheBeez,us
x7mzkzyx,Floods,it
48gq77pj,StormBreakerPirate,au
98rddqqj,CedrikPle,de
j51p1ez8,Kkf64,us
68w7dlzx,sandyX,us
48g02kyx,sH1R1U,cl
8l045y78,femmi,ru
kj935kwj,yoshi64,gg
8qz23l78,Mingura666,mx
8wkl3yz8,Henix,ch
jp4nmmyj,SamuSamuS,br
48gkn5rj,DJGOO,jp
8ge4z1pj,Andim,de
qj2wvllj,Qlex,fr
v81olmpx,NaMeFaKeR89,de
8w10574x,Avatha,ca
jp49lmyj,P1X3L333,us
8qzp93o8,wuslamclan,gb
v8174d58,re_duke,ar
v81v54q8,Wh0misDS,us
98r47lwj,excel86j,gb
j5vqwen8,Re4lion95,ca
18q3zqjn,MBisonFuté,fr
dx3qv2jl,Dyceron,us
8qzq2e08,LuLuZephyr,us
8qrvw30j,pii3366,jp
y8dn69oj,EisFanGamer,fr
8r7q1edj,Doc14,us
8qzg4kd8,DarkerLord16,us
18vw3y2j,carlobanana,ca
dx35wp7j,prisi,de
zxzz9vex,Scrimsion,us
o86k34qx,disdonn,us
7j4e6wx1,Bladeshard12,us
x3qzdz6j,princessk8,au
dx361m7x,Dyne_Nuitari,ca
o8633v08,Furry2,us
8r7m2vqj,FarinhOso,es
pj04m7wx,KeybladeWXV,gb
5j5dw3n8,123run321,se
8grmpl7x,FieldOfDeadRNG_SR,us
qj2nww7j,mechalink,us
8q3n7wdj,Spatenfrosch,de
jp4ko7yj,shquare,us
8w13lezx,dscharles,es
qj2313nx,Craftygamers411,ca
xkodzq78,Yawaragi_Light44,jp
81474pp8,Iwillmineyoface,us
dx33olex,Suikoboj,us
0jm0pze8,bigcrunchbar,us
j427zzmx,Zingochris,us
j5voplw8,kaszt4n,pl
j4rq0wm8,Marokatu,jp
48gmyep8,EiP25,jp
x7qy20r8,Hogg,us
8e9l71dj,linkabob,us
0jm9eko8,MattMGAT,us
e8e7p1ox,PeckaGee,au
o86wy0xz,GlitchPhD,us
v8l25lxm,JohnNomor,us
qjoe5786,MsGlacie,au
8e9497dj,8vaLuigi,us
w98rqqx1,TOTOzigemm,us
v8l3l0l8,Solmization,us
o865yzwx,ambcd33,us
kjprn9k8,Sestain,fi
v81nqy5j,UkzMadman,gb
8d3qw3mx,lordhorationortonii,ie
qxkm6mj0,Kyman,ca
7j47k5j1,indykenobi,us
j92ww7o8,WozCraft,us
zxz29y0x,TechnoFlare,us
8gepp31j,Magistrate5thru7,us
e8ekvl28,RSN_Bran,us
qj2zg16j,Tskillz34,us
68wnrmv8,SonicBlur23,ca
v81pnkl8,Deathmask,de
j4r25lm8,shoyuna,jp
jn3me1dx,eman7blue,us
0jmo2ko8,Morgan,gb
v8led74x,Swunsh,ch
dx3o0m7x,Khloë,us
v8l1n2lj,pianistman,us
8v5zz2vj,Captain-Corn,au
8l4e9o4j,Aracuan,no
8r7mm3gj,Greeses,us
8g509e7j,MooseMan25,us
jn3ygd1x,Ichigomorino102788,us
0jmdlgej,PlatonicGuy,bh
86vwgppj,JUSTICEJUICE,us
7j4dnrwj,croatiansensation16,us
qjnvq9q8,SuperSaiyanGengar,us
68wg9vvx,mcsullysulkin,us
zx7zq5v8,Sathdresh,us
5j5qponj,KillaLombax,us
8dwwq9gj,MrMcsqueezy,gb
kj9k2ro8,oddtom,us
8l0om028,stonk82,de
zxz0k9n8,bcaudell95,us
68wgdlzx,Triple-067,us
8rpemmdj,Flewb,ie
qjnnr4jm,Granolant,us
v8l6lgv8,XeroGoFast,gb
0jmo2mn8,Ellie,gb
68wrlolj,ExoticSponge,ca
8wk3r0z8,jamieska,us
qjn1y528,Arico,us
jpm45nkj,Dvaiper,br
18vdmy8l,JAshenOne,gb
qxkvdw7j,KuperSeeper,ca
x3qyz6kj,ImSumWhatMad,us
18qrp9oj,pirahnesi,ca
jmlme9e8,Amaranthus,au
zx72r208,HaramScaram,us
98rmy7dj,trivia212005,us
8142rm38,Wilder2008,gt
8grpl1px,DrAlbarn,us
xkmqqpmj,Dagispappa,se
zxzol48q,Draconif,us
qjoonwnj,Kap,us
j5wveynj,exterioremma,us
814vqmr8,weedeaterrr69,us
jmpkl94j,Nobobin,us
jn9026dx,That1otherNolan,us
jo34d0ej,Sness,us
jn96722x,Anmorody,fi
p18vvn8l,StarrlightSims,gb
8l02w5l8,cuevadelpanda,mx
1y8dv986,Pessimistic_Mango,gb
y8d3elx6,FayeLilac,us
qjo6z2nj,GrupTheMusicBot,ca
5j5wqmnj,greengatea,jp
xy5nqpy8,AlienShockz,us
18qg9qwx,chickenboss36,us
xz726l0j,nico_psd,gb
qxkz2mmx,simesaba0708,jp
j4r7zed8,alexjpaz,us
j2w2226j,Flotabotacon,de
kj9r61vj,DaDonch44,us
v8120r5j,dnk_cafe,us
e8e56428,gsampson35,ca
x35mkokj,Vitoamiibo,us
5j5ne06j,840Rigz,us
8gr2qqrx,dandeman24,us
8wl1194j,darthling,us
5j5re9gx,Konatai,ru
jpr7znk8,SirCircus,ca
jprkpo58,BigChiefMustache,us
pj0nr048,Stanimal64,au
8wlk3d3j,Definitelysolidsnake,au
jop0l1nx,SMINEM,de
5j5z94nj,BQCMarteh,nl
v8lgzvrj,RyanWalker1,us
j4rp0kv8,MysteryMudkip,us
xk4o1rkj,drakoslayer01,us
jn37zd2x,Screechy,us
8rp90ngj,MadsAndreas_-.-,no
v8l6d648,Rufflesworth,us
qxko2w28,Severed_Gaming,us
x3qm9ykj,Wizzard_of_hazz,us
x7qz6qq8,Niamek,ca
v8loe248,STEELFROST,ca
zx7w9087,Ripchip_,us
kjp45kjq,Ouro,us
18qp17xn,bangerra,be
0jml2o48,Blaze1438,us
v8l6yy28,MutantAura,gb
jn94234x,LupaRumah,id
jn394qwx,Horizon,tr
7j4kvgmx,4aiman,ru
qjolvplj,Cpt_Wolf,us
pj04qkmx,confusiongrenade,us
kjpg5p2j,DaniëlHarteveld,nl
0jmo76y8,Crodi,pl
e8egp16x,Pidgey,us
y8dko2gj,Okamikaze,gb
98rw36x1,SuperDennyBoi,us
98r3d438,just_defend,us
kjp74e0j,Chuno,us
kj9237r8,AlexisMousy,us
jpr3w508,kaozextreme,br
qj2wlg6j,Herasmie,fi
j0ng4ew8,ohbama,jp
dx3r4wqx,stewie_cartman,us
qxk60o78,GuillianS,be
98rq0gx1,Zomb1esmasher15,us
jprrvgy8,SpaceColonizer,us
8d4k1zg8,rockasurge,us
qj2gv078,E.Signal,us
zx7mgo6x,Floha258,de
v8lp532j,Baconman12,fi
qjo9wplj,BossMode,de
1xyk01v8,ShuriBear,nl
jmpekozj,axel_foley,us
18vnevjl,Titanish,br
v81kv1qj,MadMegaX381,us
0jmozkn8,exitermarc,es
qjn9rdxm,toyomana,jp
xz75q24j,inphlox,us
dx375mq8,Tyerenex,us
xy5d7ly8,DELI,us
xy5v62m8,HeroSM,us
v8lro48m,Connor75,us
kjp40zyj,revpointo,us
xyllg0nj,arcticayeka,us
816w13lx,JoydurnYup,sg
x3qdg7kj,Ender925,us
kj92kew8,Sonii,us
18v5n9nj,Kat_kunoichi,it
1xymvvxr,uhTrance,ie
5j595ygx,EvanEdits,us
0jmqg54x,flizzull,us
y8dgelm8,MetalString,us
qjn6edxm,davidvkimball,us
qjnzdr2j,ViceroyOfMonteCristo,us
jmp1ldej,Loreweaver,us
48gg628p,juker126,gb
8ge4d4yj,Cactuar,us
48ge0w7j,Javeliin,fi
xy5p5dv8,WoadyB,us
8vkvydej,supertye,us
y8dv7zm8,periwinkle,us
o86kzqxz,erinexplosives,ca
18qr1ddj,FighBat,us
68wzno38,jakoliath,us
e8e2rdo8,Rei_Leo,br
qxkmn52j,juzcook,au
xz9prk98,sk,ca
j0n5znw8,Glitchedblood,ie
8rpwl0gj,Opalandivy,au
7j4e59dx,MagicK,ca
7j4v03vj,OneNamedLucas,us
v8lgzljm,TheKombatKing,us
x7q65168,TheFurzikus,de
dx3g0p78,Sch1ey,us
98r4ogj1,Ninten866,us
zx7rg5vj,KekLeon76,us
zx712evx,thehangrycanuck,ca
dx3vzk8l,Vultus,de
v81kng3j,BigOhm,us
48grk57x,Kromer,br
dx3nyo6j,Saturn185,pt
8e94pe2j,Eierstokwok-eponumos,nl
5j5pgen8,Imitatía,de
jmo7y5e8,12Sided,us
j964z57j,GrandMasterMario5000,ca
zxz9n98q,btrim,us
xy5n9kn8,Kazwach0wsk1,us
j2wp556j,jonuhtan,us
y8d6gmgx,PuffyPalace,au
x7qq59q8,HeroSuki,au
7j4gl0vj,SYKOfun,us
18q3q47j,Solimuse,fr
qjo1d43x,.hack-to,jp
xk40rr2j,Fuyunico,jp
kjpd6n0j,Roihu,fi
jn3zwv4x,Shronut,us
8vky7n5j,PokeboyWither,us
8ge9w1pj,ThePro67_YT,us
x7mw1yrx,Dvard,no
j4re09v8,Wovenbruh,us
o866vg08,KLM1187,us
98r3qn68,RoyLT,us
qj2e3ljk,Hazel,ca
v8lzl37x,Segastar,us
8r7p99wj,takevfive,us
kj95zmn8,SSBM_Cardinal,us
kjpdd0jq,WaltekGkay,us
86nzwn5x,ChiefZach,us
8r79yg3j,Notshur,us
18q3dojn,omqwat,us
x3594pej,bustaboy,us
48ged3pj,Boxmeister,nl
98rpr3wj,speedman,us
j2y7o2o8,Yoshiabel,es
xy5nvmw8,JJToro,fi
v8l1202j,zorroofficial,us
18vz5k2j,polymathical,us
8genzm2j,ZoomZoom67,us
qxkmoqkj,Helix,us
kj9o5vwj,Flazuki,de
x35l7pkj,TDP_320,us
kjp9nvk8,fazerlazer80,us
8rp01qdj,xbleaxhx,gb
xyrpk2zj,THE_WARRIOR,us
18v9w5xl,Maniatikiller,cl
o864925j,brad_86,gb
18qp1qdx,WickedxMage,us
8ge4o4pj,Moldilox,us
1xyd5ezx,EldritchMecha,us
v8l1p72j,TheGoodProfessor,us
x3qp06qj,foxydits,us
qjoq9wn8,kkaktuss,aq
98r69rd8,Tavotron23,cl
18qlkz7j,0livia,se
qj2p7ln8,Fullest,us
e8e0qlpj,awkwardmanatee,ie
v81p5nl8,mathue,ca
98rmzz3j,Marilink,us
zx74zm0x,Albatross,us
8grno3px,nickthemailman,us
48go12xp,MetalYoshi,us
pj0loe4j,echoes814,mx
j0n95m98,RotmgTroller,ca
j2w73voj,PapyDadou,fr
v8l6lwv8,xeroxfiend,us
j2yegyl8,Alrovid,es
kjpk70xq,MetroidMaster,us
qxkwzkx0,Prince_Leaf,us
7j4vyl5j,Joeypals,us
j967qvwj,Griffon,us
j51e9nz8,Snufforius,be
98r071d8,tac0tac0tac0,de
qjoqq786,Toad22484,us
81qd05qj,Nicker,pl
xkonpe78,Gristle_McThornbody,us
kj97dvx4,NinjasInCarpets,gb
e8epoldx,Dugnom,de
48gp9618,manawatts,us
8vk10evj,TehRagingBrit,gb
kjp5l50x,Budda_33,ca
8rp415dj,SquidwardNut,us
18q66moj,Boog2TheMan,us
e8ezdp68,TwoCplus,gr
y8d5we5j,NilssonAlex92,se
qjo7q37x,sonicx588,de
zx7egyy8,Shaochy,fr
y8dwpklj,JakePlisskenSDA,us
jo335y7j,Talox,nl
zxz7op9j,Ionracas,us
8gen35pj,kcamper92,us
8qrpyoqj,Suncracker0,us
dx39qzkx,ZachLink99,ca
y8d4yl86,Kirua,fr
1xyon9zj,clove,us
j51p0268,Act7,us
8ge5n72j,prkr,us
qxkv262j,Shankey,us
xz9zroe8,Sjohn,us
0jm0l7e8,hashedrice,jp
v81302px,Kyle_Herman,us
5j5ge7w8,TheTerrificTracy,us
48gzd1rj,desa,de
86v76e3j,EricMaire,ca
dx307r6x,NicV,us
68wmrnvx,SkaP,us
zxz5900x,drsalvador89,fi
v81y6lr8,Musicbox716,us
lv8lm4jm,BmanRulesYou21,us
pj0lky3j,QueenSnopea,us
68w7kzzx,ad129,us
863wpeq8,Vertiq,pl
7j4r3rm8,ajfirecracker,us
x3ql937j,sh41,ie
j4rq4dl8,Redi-BDC,us
kjprny8q,ufotekkie,us
qj2dm3l8,ZeeGee_,us
y8dv6l58,Inubito,us
86vzrdwj,Cashew1405,au
8l0k33v8,Amai_Fox,us
8e9q0rdj,mezrik,gb
v8l40p2j,Slowpoke316,us
5j59v06x,Bageltorf7,no
68wegq8g,Custom,ca
0jmvg54j,ntriley,us
18qoe37j,Zzz_pc,jp
8qzk1z08,Keplaire,fr
8e672poj,_SleepyNotFound_,pl
v819g33x,Con,gb
pj0gyvrx,Chimera,us
qjngdd8m,Xelnas,ca
qxk04k80,Smiley,nl
pj0rzwjw,Zetrile,us
j51k11z8,auronxl,br
qxkk356x,RetroIndieJosh,us
18vk7vjl,PeterAfro,us
e8e51y28,Solomimbo,fi
7j40wqd8,Blades,tr
816mvv5x,FloydMason,ca
v81y9oq8,CalebAP,us
8w1lmplx,DoubtfulAgent02,us
xkopqe28,aquamaster,us
y8dgdp98,SeYsEy,fr
xy5q6vn8,Bittter,nl
0jmrwwe8,Cliqz,de
8geop7rj,kili28,de
68wdrmqx,Xela64,ve
8vomv4vx,TEBartek,pl
y8d9veox,DarkRiolu27,us
x7qommy8,Soupious,ru
kjp4g4yj,ToonWolfLink418,us
kj9op2oj,DarkShadow_,it
8w1y564x,waxsaw,gb
68wke0q8,Phazos,us
qxkv02kj,AeronGames,us
18vzegnj,Hardy421,us
1xyllmjr,Highspirits,us
v8lp9q7j,Airshock22,ca
qxk2z16x,bluerapids12,us
8grgy4rx,AdmiralFarcri,us
jo343n7j,Faze,us
j4rn13l8,Tiber,us
8vkwvgnj,Kemist,gb
e8ee1780,NeoSlash72,fr
18vdwz58,MudkipSR,gb
18qqe78n,SonicBoomSensei,us
8wl1onlj,Rook_c3n,kr
j26wg6px,Steelshield90,us
8vo506nx,EnforcedDustGaming,it
48gvqly8,GassaN,br
7j4gyylj,mousse1204,jp
18ql57jn,Jupe_,fi
dx3dk068,Sjotyme,us
1xym9ezx,Super,us
qxk26qkx,keddril,ca
8dwoe49j,Sniggs98,de
j4rwndm8,Tristmaner,be
18qn5q8n,ty2358,us
zxzd24ej,shempmd,us
jmpnyznj,FacuVallejos,ar
kj9ve1ox,azaaasu,jp
qxk6eok8,NihilistComedyHour,gb
8dwq3wmj,PrayingMantisKungFu,us
7j4rz5m8,TheBarinade,au
68w790lx,heinermueller321,de
jmpq1w4j,Bewar,fr
o860w208,sbeve,us
qjorgdnj,SoaringChris,ca
7j4gy2wj,Isprettybad,gr
1xyp19vx,kappatextxr,us
jn3y351x,Jackwasneverthere,us
8vom9e2x,Matt_0z3,gb
48gekzpj,Amber24,us
pj02wnr8,MineXeniM,ar
qjnn9owj,vercettitelevision,ru
o86we45x,King_Burial,au
v8164dlx,TehWhack,ca
98r3eo38,JordanTheDarkness,us
8rp6r4qj,Phemt-Kazuya,it
5j5rl7zx,Hephlex,us
1xyeeoy8,octopilion,ca
v816y1rx,Darksol88,us
18qq9w8n,xem92,us
kj94eox4,Riko,us
68w29zv8,WOT7N,au
8d4grl98,CodeCaden,us
v810z1rx,Sluggy,gb
v8lwklxm,WhiteHat94,us
y8drrplx,Maxlew,us
48g063px,PetresInc,ca
8v52vznj,afregistry,us
j2wenn6j,shadowfreak,us
8wlrrwzj,Steamed_hams_w_chz,us
qxkgq26j,Narti1800,br
8l40pllj,shukuchimukyo,us
5j5rl3nx,Azmi,ca
dx3vre8l,CountGooby,us
qjo39y0j,LK,jp
814752q8,Qyter,us
18q5www8,BigfootTouchedMe,au
j26ok0lx,pp17pm,pl
18qv07wx,Niksumer,ar
x35ggzqj,Scarletra,ca
zx7z0908,Crowsadilla,us
qjn024xm,Sparcx,us
zxz7lq4j,theurbandear,us
kjp6pg48,Kekkonen,fi
48g5rm2j,Royzoga,us
8gel90yj,GrandpaGhost,us
8v5gvqnj,JIEIJIEI,jp
18vv3o58,SLUGG,us
18q2nvq8,Shime,br
5j5q1ozj,Spoo,us
xz906448,tel_pikmin,jp
18vd7658,viciouscohesion,us
8wkn9rl8,WoDiE,us
zxz3lwn8,GHS_Schwarz,us
7j4v05vj,Scottobozo,us
8d3zp49x,Cross_X_Check,us
8d30qllx,EagleeyeJones,de
qxk76q9j,CalmDownSam,us
8dwe5z9j,BitZ,br
kjpo5py8,MegaSephiroth47,pt
18v29vjl,Len,gb
qjo11nex,Chansey767,us
68w4ro4x,wara,jp
98reer6x,DucKSeKu,fi
5j5nn56j,picnicboy,us
x3mrgzk8,ArthurAbbott,us
18vkwr2j,andou88,ca
8vkygenj,Kylian_FR,fr
98rd11qj,thisisnotjake,us
8v5d3y5j,subtlewookiee,us
xy51wdz8,BlindxPrince,us
zx72d568,shindavid07,us
5j5z4nnj,zantomun,us
j5wgnogj,Dimper,ru
48gmvy8p,Hornlitz,ca
xkon3468,ethan_from_chicago,us
kj9epkr8,mx_four,us
18v290ej,Parrot_Dash,nl
o867w75j,Val_JP,jp
qj25r6nj,NeonArcadia,us
j92zwn78,MinuitFoncé,be
kjpdpn2j,MrMiguel,ni
zxzoymr8,MisterR0Gers,us
y8dwzqlj,SuperbKingz24,us
5j50l46x,Night63,fr
xk4op49j,Echon,us
e8em00ox,Spottedleaf,ca
7j4qolvx,laura,gb
8v53gpej,Canadian_Major,ca
joppm07x,Muten_Pizza,us
jprze6k8,ElGrecoRomano,uy
xzl56n48,Uscht,de
zx7oo3vj,RCanon86,us
zxzvm7nj,TheDapperWaffle,us
qj25k9pj,TuffHunter,us
8rp7nkdj,YeepKiz,us
8qrgq2oj,acnhaxel,us
68wk3oq8,Seathorne,us
98r2nmqx,Zarcatus,de
jmo7kqz8,J2MRaiden,es
48gr7lpx,ParallaxMKChile,cl
xy5w45n8,Menadoz,se
v81poqp8,Mavi,fi
jmowlpo8,SAMGUY,us
jp4v6n5j,Mockingjay0906,gb
jpr91zk8,Mr.swissroll,us
qjngdp48,Andyrion,br
48grw17x,LRock617,us
7j4eqnwx,stealthstack,us
8e9w9e6j,SerfThomas,gb
v81ovoqx,JonnyLink,us
dx3neeqj,Ultra_Pear,us
zxzeqy9x,sastofficial,se
8wk50zz8,XDkillers,us
48grk61x,Ryddyx,de
jo3nlw3j,ChristianVega64,pr
kj9r17nj,cazpersky,pl
jpry6v28,JackPro,ua
v81ke2rj,NachoBrado,us
pj0ger9x,CandyBoots,us
8l0zmgr8,RetroGambit215,us
xko79v28,zgeez,us
18q5r4d8,SuperMegaDav,ca
qj2q306j,catsonurhead,us
j2wqqrpj,RenderWhere,ca
8qzo0qw8,Kreutz1984,at
qj21n468,Bogdan_mkd,mk
zx79g20j,Flufe,se
qjogonx6,lozplyr89,us
v81qyrjp,Evertrn,se
v8163rxp,Kobral,de
qjoe2y08,impasta,fr
kjp64r58,DemiseAvalon2,us
5j5wzp6j,D_Winds,ca
48gzwlpj,_Nobody_,us
qxk2oy2x,MuchWhittering,gb
kjp4o74j,Zunar,us
5j54m68v,Punchy,gb
j0n49rr8,Le_Cant,fr
18ql407j,Loomeh,gb
qjomk3x6,Mungaru,us
1xye1ny8,Bokonon_Lives,us
j2yy73p8,xChristine,us
o866vpq8,KTthecreeper,us
98r7engj,DeeEmmSee,gb
pj0o24rj,Aleph64,de
68wp2zvx,hoonsby,us
8q300k7j,SnakeUseYourCQC,us
j92vldo8,hige-Gen,jp
48gq4wrj,tomtomgo98,us
8geeye7j,SterlingMallory,us
kjpg46yj,Qualcommie,ca
zx7vz0qx,bigbedbuzz,us
xzl13mr8,nightfox303yt,us
68wqkrv8,NeGAtiv4k,ru
qjoee278,AdrianMamba,es
7j4om958,LMMotoss,us
j9260dw8,Buddybuddy,us
zxz13dej,Wojowu,pl
e8elre2j,EdVonStein,us
zx7554r8,Haylsho,gb
xy51e9y8,flow314,jp
8e65ep2j,TheKirblet,us
v81kll5j,FinalFrantasy,us
jo310d7j,silver_speedrunz,us
qj2qnljk,KingKazma,us
8en55q78,Racoon_87,de
qjn7wdq8,detida,de
v8162nrx,NiceGuyDomm,au
jp4z942j,tairet3,ua
o86epwxz,Jovine,us
8e690y7j,Ruyomii,us
j92k73o8,LPhantom,de
qjog6p3x,reanymation,us
18qlm0jn,Calco2,cl
98rre381,Storster,us
18q1q1qx,AsneL,jp
zxzn14xq,SuperBigKMart,ca
qjog6znx,SMerina,ca
x3q2d7ej,Duress,jp
kj9591n8,spyriel,fi
7j4rrgl8,DoubleDubbel,nl
j51zpr68,DBGen13,ca
0jm33y81,mt,us
v8l6g7v8,Daragamuffin,gb
y8d3welx,Spencer,au
kjpvwr5j,Lycanroc_YT,us
1xy455nx,BonkajSC,us
dx3pr268,freeland,us
48grw3px,Dannymobo,us
98r92381,NESCardinality,ca
8ge950yj,Battlecats59,us
18v04ynx,FlashTheorie,fr
8g5kn71j,Bulionek,pl
qjnpk48m,hurblat,se
48g4ovp8,Tonkotsu,jp
pj042r3x,Kernelkiller,ca
qjoly60j,Henryflush,br
86v6zrpj,KingIvan111,us
qjokw386,ShiningDragoon,us
68w1nzxg,Sjorec,us
qjol50j6,Skull64,us
8w16223x,BetoKos,br
98r79l6j,SASURAI,jp
zx77goyx,Sensato_Kuro,ca
x3m1v928,undeRated,ca
8rpd0pgj,AdiNoike,sk
8lppnmlj,QuinnQ,us
8rp7rzqj,JHeide,fr
kjpq570x,flyingace678,us
dx3d30k8,Mnemosy,us
pj06lo4j,WitchRain,us
5j5yo68v,Sharpless_,us
68w3rnqj,r4tb0-,de
jmo29wy8,Tegron,pl
48g5967j,Exustio,us
v18q10xn,alexmandi,gr
zx7ezqq8,Keiferr,us
5j5wl9zj,AxlThunder,us
814362p8,Oneiam82,us
jpr4po28,boof,us
o863w4w8,eddiecatgaming,us
e8ezr6o8,StillSoftSpoken,us
kjpnm6kx,Darkanine,us
j9231qn8,ciscomooy,au
j4r2ynw8,Lojen,us
8v5go5nj,haruma,jp
5j59zrwx,minimini352,gb
816q9kpx,GunnaMVP,at
qj20p16x,Roen,no
e8e6416j,Zheal,vn
8rpm4o6j,woltag,hu
68wz4o38,jigsaw_master,us
zx7wngr8,Munchlags,de
xzlmdp48,ultrosgambini,ca
x7qgkmy8,Cranklinson,us
8gey14yj,tectectectec,de
qjoven7x,al_turds,us
zx7rorj7,N1,ca
j5wk1mqj,KoopaSR,us
dx3qw4ej,lenaleeluna,nl
86n46n0x,ReinVos,ca
98ry95gj,Bitchfert,mx
zxzvyznj,Macobra52,us
8e9266oj,PopsicleStyx,us
5j5g0pq8,Exvagus,ca
kjpvnd2j,wafflewizard1,nz
86n1krqx,cesao5000,br
0jmp4kej,sonicyellow,ca
qxkm5emj,Skunky48,us
8wkwodq8,rocoloco321,mx
86vqp7wj,VolcanicAkuma55,us
zx7mq00x,ymgc,jp
j4qwy2lx,julian_gamer,us
j51vy2n8,Billick,us
18q53ow8,Marc-André_Morin,ca
8wl3403j,nate8988,us
jmp4oqzj,Mcportugalem,pt
jprwy6k8,MrDrBoi,us
qjn33e4x,qazplm,us
814129l8,As_in_Gamer3000,au
v81vplp8,Jeroen,nl
jmlv61y8,kamyu,jp
1xy595w8,baku_zero,jp
kj9o1dvj,TheJayJay,gb
qjn391xm,MickeyPC,us
8r7odewj,Gnorxon,us
kj926v84,Yazzo,se
v8loznv8,Cypherin,us
j51rmmg8,LeCadd,fr
qjnglvq8,flipper,us
y8dwy35j,AlecK47,us
qjo3p6lj,Tropical_PWNch,us
98rw9k6x,Fez,im
68w2kk38,FullMetalPacket,us
qjnz6nwj,DansGame89,us
zx721dv8,The_Col,it
pj0rnewj,Crunan,us
8r79qvwj,Froster,gb
e8e96q7j,GreenMixTape,us
dx3vw68l,andypanther,ch
v8lr16r8,grimranger,us
x354rg2j,NullSuns,br
x7qoekq8,lostinspeedruns,it
68w22rq8,BrandoReality,us
jn3p27dx,DropBear,au
qjor2nj6,Odme_,us
kj93nvj4,theultimategamer95,gb
8r7e463j,Seikooc6,us
xz9v7er8,VariN,us
5j5n0qjv,CR7,us
86vzkr3j,casualspeedrun,us
pj0e0v98,EZKSupernova,gb
8w131y4x,rlbl02,br
y8dg6vm8,hirexen,pl
68w5p7z8,Zeion97,us
e8e52od8,RedPepper,us
18v3dm5x,koppe,jp
5j5z1mgj,kuesa,us
j0n11038,MortisDG,de
86vmw45j,SolAshe,jp
kj99n7j4,crygie,us
98ro4yq8,RenzZen,pe
48gn9n1j,BUTA,ru
48gzdgyj,DougRedfield87,us
v816z53x,turnipp,au
8wln4wzj,dolphinii,us
e8ekl2p8,TbaneSteak,nl
8ge2k2rj,Izori,ar
48ge41pj,neraigo,us
pj0lzv3j,MetalHead,us
8rpz25gj,Sh0wy,us
qxkq1r6x,Amad,fi
8rpldqgj,ZedBot,us
e8e20op8,gamercal,gb
1xyop6vj,lotus100100,cn
jmprry4j,Aiden4Real,us
j517w2q8,swiftkillakahn,ca
dx3z40qj,DWednesday,gb
8wk70238,yomsa,ca
v8142eq8,NuMetalz,us
qjov6klx,korr_the_barbarian,us
xkozlo28,GameGuyJak38,gb
j0ne21w8,Aquarya,fr
8r7qvlgj,SMBistic,ph
18q0r0oj,Sleepteiner,us
o8640qjz,Zelgius,fr
8g5kvw1j,skevvi,pl
qjn7pzq8,MEGA-MIMI,fr
98r7503j,ciccioDM,it
8l4027vj,polly_jean,us
j9291m78,hareta480,jp
jo23p708,DaleTrump,es
1xy55m8r,Ihavenoname248,us
8d4elpg8,MusicalXCRunner,us
dx360nex,Hackerwaffle,us
xy56q9n8,MCkullimuna,fi
jpmy5qkj,andrewtatelive,us
jn9515qx,Sgwiggy,au
xko6ln78,YuriSR,nz
qxkmn26j,popesquidward,us
18q64lwj,GenoSlyde,ca
zxzzn50x,noots,us
jnz3112j,Xerunix,de
pj09wmmj,ReptilianTony,us
qjngrp28,Axxis,gb
18qgzn0x,IronInvoker47,us
j0nzqom8,BillyJoe66,us
kjprzy08,DarkLordDracula,us
jp4mn9kj,TrashTom,ie
18vdw428,NooTzin,br
98r35pw8,Dancarnate,us
dx36d92x,SirEdav,gb
e8ep01px,crazytonedog,us
zx766wqj,SaturnTheWolf,pl
x7qr33r8,abrahamw999,us
814wl9r8,habeebs_,br
jmopyde8,Peej64,us
zx7g30x7,skateman222,ca
8e97916j,chilly_flakes,us
98r294wx,CaptainSpeedruns,ca
jnzqyq1j,rome3129,us
r5j52gjv,Joshimuz,gb
8wk3pnl8,alexbropro,gb
kj97zrx4,jyash4,us
jpm3k6kj,Shioku,de
qxk6yv98,Javerend,us
0jm4pk4j,RetroPacman,us
8wkdvgl8,Tsukumo,hk
qjoqpye8,Avi65,kp
8r7rlyqj,Hands0meHandyman,pl
x35pe37j,Sinnycool,us
48g430r8,RevliX,fr
68wmy9zx,dragonz,us
48gkkrrj,kendar,us
v8lo5ov8,SnowyFire,us
kjp09y8q,mcill,ca
8qryd6qj,artyfacee,ua
jn3939qx,mononono000,jp
jprye058,DarTheory4,us
8dwe5w5j,5koromo6,jp
kjp9q08q,Oblimix,fo
98rl0mw8,MaxisMozark,us
98r3d0g8,spaceman_69,us
8e6elgdj,theseed,fr
e8e9wodj,Joester98,us
816mmwpx,tandylan,us
e8ew6r28,TheMightyGiantDad,us
1xyozvjr,Flygonman,us
8grmmlyx,HeartPiece,au
j2yqd568,l30nh4rd,at
xz94kme8,Elite_Zytraxium,nl
jp40142j,Deveuh,fr
81q9d93j,bluereimu,us
86vvlywj,Shmumbler,us
68w4z6zx,LeviOrDie,us
v81zvqlj,QC1,de
zx73ewrj,TomEWylde,gb
8gee5k2j,ClearlyBrogan,gb
8grr09rx,cloakerson,us
zxzkk3ex,kyoryuhunter,us
qjoney08,Avery1D,us
v18q4qxn,G_heinz,us
18vy23y8,SuperHandi,us
98rqg5wx,KJFries,de
kj9ymqnx,Scarrien,us
zxz430jq,RinRabbit,gb
dx3p7p78,NOBLETOFU,us
dx33zvex,Hisu,ar
98rv523j,Leponi1,gb
98r5gp6x,Enel,us
8grwz57x,CarbineZ882,gb
8rp13vdj,TPM,gb
kj921r84,Zeupar,es
5j529ggj,danmz,mx
jmolw4o8,fishpaste_tv,us
qjnv3028,Aginago,es
qxk4q2j0,LosvikeN,no
j03k5emj,ryad87,de
j266nynx,FiddleMeSideways,fi
qjo3vwej,JaggerG,us
dx3d4q8l,NekoCoffee,it
kj93m2rj,Adultery77,us
kjp4gv4j,Peterdea,au
8qromgqj,EtSurum,br
jpreppy8,DiamondBr3aker,us
kj966vj4,Mergy,de
98rw4m6x,thespace_cowboy1,us
jo3z1mnj,names2009,us
8rp7106j,exper1ment,ru
o86mog3j,bigdaddydrums,us
ge8e5680,Rabini,au
18v2rn5j,westslasher2,us
kjpr6758,delcaMX,mx
zx727687,puppetmaster,jp
7j4vl5wj,FrezzerFox,us
98r7g73j,Sayuri,us
814peor8,MrDank,us
xz9me008,GanMa,jp
pj0nwkr8,erru9107,se
18vd558l,MrZeratheMant,us
8qz5nod8,RewReggae,us
pj0mw34x,leggystarscream,us
v81k2r5j,xisaiahx,us
j2yvq9p8,Ailis,gb
jp4m3gyj,Coiser,us
jmoodpe8,Grayskull83,us
jo2kmgn8,Thunderclaude,us
xk472pkj,Ringo6575,ca
qjnng72j,SamuraiYudansha,us
jo361m0j,thraelyad,us
qj222zlj,slopdop,ca
48goqpyx,EarthQuack,us
jprgdy08,Fleptypaper24,us
e8emvm6x,Mervis,us
0jmlleo8,tortadiego,us
1xy0o9zj,tunable982,ca
qj2zw6lj,aboo_oxo,jp
v816nvlx,Begifted,br
8rp5rm3j,gavidor,gb
8d3zr3lx,USF4Revival_BEAR,bg
18v5k5ej,Soma_sr,fr
qxk1gm9j,SheaFit,us
8vk4n25j,m0erice,de
j4r07n58,odjn,jp
qjowow08,Nutella,ro
qxkm2v6j,aaronthewinner,us
qxkgm6kj,Solarcell007,us
qxkg506j,Agent1729,us
j0nmw1r8,pensrock_12,us
816k4w3x,tackey,jp
qjnwl6wj,Magikman7,us
v8l3rdl8,toopercentmilk,us
8vkrw22j,Tag609,us
xkm6zl7j,u_san,jp
8vk2el5j,MullTheDull,ie
qxkm3z6j,Gargon100,us
18vo7d5x,Naberius,za
18qnz08n,AlDeezy,us
86v34l3j,chinesehulk,gb
j039lw3j,RejectedGamerSam,gb
x729r668,FishDen,tw
7j4kl6dx,Raclesis,us
x3qw4n6j,Hau5test,de
qjooplj6,5upamayne,ca
1xygz5mx,DragonMetalQueen,us
v8lkr4xm,MeridianPrime,nl
98r2wdx1,J2xp,us
v8l6kr8m,zewing,us
zxzg9l4j,Wanu,se
x3q2492j,TheoryuK,gb
qxk4r9j0,Ricky,dk
kjpr9q58,Zockerstu,de
e8egw7x0,R_Web,us
zx7717vx,vmikea,ru
zxz97r8q,Paulie9990,us
j5vovpz8,TEBTom,pl
zxz0m798,Clankspeed,us
xko6g1m8,KWFF_TheFish,us
8rpp3wdj,dhiki,jp
j51qyyq8,sailormcfly,ar
0jmee1zx,MaleficMedic,us
j519dkg8,ecke,us
kjp1700j,rambly,us
qjopl7ex,MyOhMyPancakes,us
8r71yd6j,SylvanEd,us
0jm9vp48,Julian0505z,us
kjpqp64x,TheGamingDruid,us
e8er0y7j,foulmouthfuhcazz,us
xk432w2j,mikoshiba35,jp
8wk32zl8,marathonman,us
zx7y7vx7,Fish,nl
zx7o52vj,Skipsy,de
jopwe6lx,gierkowiectv,pl
zx77oyqx,origamiscienceguy,np
qjn35ddx,Sonicman2005,us
qjn3w4xm,Hypnoshark,gb
8vkonmnj,iLL_Pazzo,fr
kjpgk2kj,GameFasters,fr
68wdwoqx,LPsoldier0303,us
zx7qoly8,conmangamer22,us
98r26gdx,Lucha_Gym,au
8rplqv3j,yorunoteiou,jp
18q3v7jn,SubStylee,us
x35qe0qj,Pliez,ca
8e9923pj,isogai,jp
o866op8z,chibizer0,au
7j4zr7dx,Gamedraco,us
8gezn9rj,Psycho_Signal7,jp
68woeezj,pttd,aq
0jme6mzx,noisepolice,us
qjn1wzw8,Otterstone_Gamer,us
pj02948w,FFRPro21,ca
8wlygp3j,maeroace,us
8rp99zwj,SIG3L,pl
y8d57n9j,gregoreo,br
qjorlv3j,Alex_Toad,ru
qxkd417j,bdudegames,ca
8gry7yrx,SurgeSSB,us
8gek5lpj,CogsPokemon,us
xk4vv1mj,sunnjoe,us
1xyy1dwx,Porky_,us
o86qprwx,SteveZero,us
8v56vk5j,DustyTokyo,jp
48gq4myj,TheLocoCroco,us
j5wemgqj,Bed,us
j0v3q64x,buttercup14,us
dx3vlm78,CHX42,us
8r72gyqj,Harbiscus,us
8enqz528,FingersInDaBooty,ca
8d49m398,iikillerii897,us
68wr7o4j,1ManArmy,us
zx7m5yx7,MrsGizamaluke,se
pj0w7w38,manoel125,br
j9r7mvrj,Zolec,gb
v18qowjn,PeteThePlayer,de
zx7ld36j,RBPimlico,us
7j4ww1wx,Trig_Jegman,us
8wkqzlv8,Max_VS_Dad,us
zxzg570j,JeffCompass,us
qxk5419x,MrJ_,us
0jm5l2nx,InitialShi,ca
pj0n298w,2dos,us
jmo331z8,RMD_,cn
kj96nwj4,IsoFrieze,us
xkmq4e9j,wonl,us
86ny4l0x,Moar,us
8lpzg7vj,safreht_ygf,us
zx72gpr8,Reabs,us
y8dnqq9j,lost1002,jp
qjopwl3x,Shizuka,fr
dx3ml28l,Jcool114,us
pj09049j,Jarmou,be
8l0d1o28,morpheus080,us
y8dw5w9j,fatmn,us
zx7yylrx,jonsku1,fi
98ry44qj,limestoners,us
j2y1y7n8,Gagneto,br
8d35ovlx,Wonderwaffle898,us
o86np5xz,Borizzle,dk
dx36dkxl,DeadmanPR,pr
jn94o91x,Terukosan,ca
x7ql15r8,cgtoad625,us
18vd1358,Cardalex1,mx
kjpoy08q,Thecrispy22,us
kj9p7gox,Cygnus,us
5j5eg6wj,LattMackey,us
18vy3128,SwiftShadow,us
5j5lnyqx,Fujikura,jp
j0nvkg38,manmaru,us
jn9goq4x,Godfield,us
jn3dwo4x,Prufr0ck,us
8v5954ej,Tennokoe,us
j2w04poj,PickleIOI,us
5j50q96x,NapstaBloo,fr
jpr92wy8,Octopus,us
qj2lnonx,KyeX,gb
w98r9w81,Kollin7,us
8r76negj,MaddiethePlatypus,us
7j49yqw8,Lawman_au,au
jo36o4nj,Omnia,tr
81417vr8,HellaParadoxial,gb
jp4odpkj,gotutiyan,jp
jmoyr648,loser0_,ie
kj96e7wj,Jak8,us
8e9lwe6j,milk8562,jp
j92w74r8,Co_kmt396,jp
8l041n48,orka,us
j925w278,Dragonowl211,us
1xyovdzj,NateTheOriginal,us
8e6gmzdj,KubaKowalski,pl
y8dy7el8,HorhaytheDragon,us
qj2zdy6j,SwayNC,us
18vz5evj,phosphohydro,us
18qeezd8,VictorRM,br
68w1yy4x,Crabbi,no
7j469m58,JakeZSR,us
v8l3n28m,Auphonium,ca
j42z2qlx,Pringueman88,es
o8613y0j,reece,us
8e9kzn2j,Schaox,fr
x35dk6ej,WhiteShadow740,us
pj0dqq9x,ALIENsCUBE,de
863mv258,spyronner,us
v817rm58,PharoahSensei,ca
zxzz26rx,Gallivanter,it
1xy0oznj,Spyfox26,us
y8d029x6,plp,us
dx33y0kx,crazygamingdayz,us
qjn5l22j,JBHJ,us
jprmng08,Bingles,gb
1xy374mj,Cribley,us
y8d47nl8,R-0109,jp
kj96krrj,Z4T0X,de
xz9vvz08,Bvr,us
x7m6d96x,Aided,it
8d43klg8,DatFinny,de
zxz1enjq,BlueHarvey,ch
x35pnm6j,Clippey,us
x72o3gv8,MikeTheHunter,us
7j47wp5j,BananaBoatKid,us
5j5olw6x,ChrisKoopa,us
v8l4vljm,CardsOfTheHeart,us
8wk9k0l8,Sorahere,es
8wk11wz8,CorporateImage,us
v8lnp7xm,Theretrogamerbay,us
o86le508,Walace,br
68wn4538,beardylocks,us
qjnvv18m,Valioa,us
y8dw0vgj,Tyler9698,ca
98rk90gx,RebornCero,us
xkowop98,Yoshie2000,de
5j5kvvzj,FranklyZappa,us
kjp7k74j,deadlink,us
8lpr3z2j,TheoMonDio,us
68wldqjg,MLSTRM,gb
jp41dl2j,MisterFlech,fr
y8dk4y5j,Slysonic,gb
8dwqpg5j,Gaby1827,mx
qjn2132j,TJfromPA,us
zx754vr8,Solidstrife90,gb
8l0r4ql8,lambp,us
18v9r92x,astr0,ca
j26pz6ox,Cyborg_Birdie,us
zx7qgpr8,Skuttie,us
jprzmy48,TheRewinderCC,gb
1xy2g7z8,SyeberJ,us
5j50gqzx,NightPhantom,au
kjpoe928,GNSersh,ru
8636rd58,arthurlynx,br
8gr26wrx,guilhermesmb,br
qj2gv68k,ROMaster2,us
v816d7rx,dragonmaster0283,us
qxkm7g7j,meowmix_fan,us
18qkl78n,Slevanas,mx
1xyd1ywx,MigTri888,pt
48gkdopj,Squishgame,fr
jn3ddqdx,aesopFlow,us
8e99736j,DantaFanta,gb
8d316l5x,kingmatt11023,us
j036qpwj,smeg,gb
xyllnmyj,dmcRIKU,jp
816n3mlx,TheMurkGnome,us
jpmknq5j,Ryagoft,pl
8q3ngqwj,Vexicrypt,ua
zx7mpvx7,quo,ca
68wo13jg,Rayquaza911,ca
1xy7qeyx,mrpitchy,gb
jpmy5r5j,Timo_en_joey,nl
68wmz7lx,Habble,au
x3mekpe8,K9_G,au
8d3e61ox,Awesomeskunk2000,us
7j4p9mj1,Molotov,us
98rrqlg8,Fricker22,us
81445n58,Elohzee,us
zx7mqzyx,Lord_Zedda,us
x35opl7j,SolidSocom,gb
qjnzw4jm,roopert83,us
v816vv3x,oxylen,fr
zx7mm76x,Tobür,pt
kjpknq5x,Dshana,us
qjo2wn86,kirbymastah,us
qjn232jm,LeXoS,au
qj2lgw7x,Zennan,us
98r75e6j,Mechathulhu,us
814pmq38,MisuW,fi
48gyz028,Sonicrojas321,mx
dx33edkx,Evan924,us
qjopwqnx,sYn,us
jp49w4yj,SupernovaRunner,us
8vk2eo2j,D.Peters,us
e8ewp780,Cursedgamer11,us
5j5vz7n8,ChaoticMK,us
5j5dken8,GrindTheory1080,ca
86n7510x,fushiro,us
x35w6m7j,TheOneAndOnlyRAO,us
18vznwnj,TheCoolSquare,us
qxk6p228,Umbreoff,us
dx3d1e8l,ebloodycandy,us
jn3w2z4x,ReddestRover,us
8dwngr5j,TrippySpyro,us
kjp16w4j,Aser2023,ch
814gmlr8,yee312,us
7j4kzqmx,Guteren,us
jmo7l6e8,PlayingWithDick,au
68wz30q8,Apock,br
qj2y09p8,Jihkie,us
8wlrnm4j,smolimar,us
xy574ev8,camkatsu,us
o86z3qxz,Sh0rtcircuit,us
5j5vk168,DaymanAAA,us
7j4r4w58,Ellieceraptor,se
8gerd0yj,zBlasterr,br
xz92vq08,drcGamesALot,us
8vog09ex,uncpaw,us
qxklok28,anDrES172,us
kjpq3k2x,batuhan86,tr
j96weonj,bhanxiao,tw
7j4w7lwx,CreepyGar,be
5j5m21z8,MarcBell,au
v81n9grj,WashDog,de
j4240mmx,Manuia_SNG,fr
8r2rlnwx,CuNe,de
8qz61yq8,Zykumie,gb
8e9k1o6j,zerknerk,nl
qjopvonx,Claire,us
v8l09v78,Erims,fr
8d4n9158,Gtaman287,us
x72qr0v8,Sushi_Kishi,us
98r7rkgj,GocuComeBack,pl
18q4zzqx,mar573kan,jp
98r7gyqj,Zachoholic,us
98r2106x,Headbob,us
jmlrery8,Sm0k3r,pl
kj9521v8,Jaypin88,ca
qjn6z3qx,oORaydenOo,de
j5wg5lnj,woodenspoon,us
8rp7np3j,NeetSuhiro,jp
18v5dvvj,FIGBird,us
kjpz2l4x,as-as,jp
0jm5p0zx,NadeTheGreat,us
7j4gz2wj,oddmog,ca
e8em3qox,nonegiventv,ca
jn3gqldx,tycollectscoins,us
86ve053j,Ne_tuda_nazhal,by
xkmp7emj,Jachel,us
qjnmg4w8,Crashk0ala,us
kjpr3ek8,SilentWolf,us
18v9qonx,MadLadAdam,gb
x35lkekj,TheRemainingGuest,us
kjp4wn2j,Mr.Blonde,gb
1xy1kyzx,Pianoman7117,us
qj2ywdp8,NickRPGreen,gb
j0nddk98,jinnoh03,nl
x7q46w08,thereal_jerrod,us
5j5nowjv,Sonfloro,us
qj2wyglj,Splitcaserobin,us
pj025m8w,Benjee,at
18q355dj,kiwifruit,us
48g4978p,Axodo,fr
xz71k9nj,MADCAT1,us
x354lmqj,SlothDawg_321,us
e8e6wdj0,eLmaGus,de
e8el317j,Clowned187,us
7j4q94lx,Starwise,fi
e8e2yq28,Blaine-Phillips,us
kjpm2e5j,Rhylam,us
98rdzoqj,BloodSweatAndCode,us
j4qe425x,kondylasher,pl
qj25pljk,cutenice,no
18q5zed8,butterfinger1084,jp
j5wddnzj,Willx48,ca
18vz1zvj,FEZ_GG,us
j2y9kko8,SabeMP,uy
j5wn60gj,Balbo,br
0jmzek4x,DaWildGrim,us
zx77qzyx,Sammynorth,us
j929kro8,PeruanoTeemorato,pe
j0nmk148,QwalityEntertainment,us
pj0n6nw8,Sawnek,gb
v8l66r8m,Bramz,us
jpr35458,JefferyTheTurtle,ug
1xyrmzzj,FrankyLC,fr
48ggk518,Mills_Miles,us
jp499eyj,Prophetblack,au
18vqoevj,scalr,us
dx3o06kx,SahanaruYoutube,ca
y8dwz5j6,flyingfox,gb
5j52egjv,EmoArbiter,us
48g726y8,sokuno,jp
zxz9pn8q,carska,fi
kj92rwr8,Spleen,gb
o866ykw8,Yutori,jp
48g7zm18,AntBlueR,br
8e9k7qoj,Perfect_Fin,us
xyr6lnzj,Quantum17,us
e8eld06j,Lucky77,us
5j5dr3q8,Cyklopz,us
dx3557qj,Zhank,cl
j2ym7ll8,Amdioz,dk
98rlmeq8,chromataclysm,us
5j5v97w8,kaylabee,us
7j42rwx1,callumbal,gb
j5v102z8,Celto,us
86v4l25j,SeannnMCG,us
y8d3z5x6,Dugongue,us
xyrqwdyj,MCGrassblock210,us
8w15r64x,xCordirx,us
zxzlv948,tutelarfiber7,us
48ge3drj,Technickle_,us
qjnkwo1j,Aneonplays,us
8wkl06l8,Yamyanity,fi
48g1g28p,InspectionSquid,us
dx3k4e7j,DodonKrevedko,ru
xy5dovm8,TJJGamers,us
8e97v5dj,Jujub3an,us
v81ng2qj,SUNNYblue,tw
x3596m2j,Monochrome_YT,gb
98rllww8,YoAndy,gb
8qr4o47j,UltimaWeapon,cl
j0nw0dw8,JMC,gb
kj9l7v7j,Henny022,de
zx71poqx,jawso,us
y8d5z9oj,barchun,us
qxkk3o2x,Minty,gb
qj2445o8,k_funk87,us
x727rgv8,Deltashine,us
qj2o3l7x,arichan,jp
xy5g2gw8,rojovision,us
xk4eml2j,KaosSakana,us
j512kzg8,Daavid2668,us
98r3d3d8,GhostSenpai,mx
48gmye78,Félicien2B,fr
8gr7302x,Cocozito,se
j0volnmx,naky,pl
v81no9qj,iBall1,ca
8d3weklx,GGuy22,us
jnzpkk1j,L_Can,us
j42q65lx,JamesNightstalker,ua
xy5zqyw8,Towerizer,us
0jm04kn8,mrblondeigr,ca
18qq0go8,ShipDontDie,us
qjop9nnx,JSR_,us
8gew1m1j,CosmicCoveGalaxie,us
v81m358p,Crrool,nl
18qy2gwx,InsertLogic,gb
814dyer8,Bastirog,nl
j92536n8,knuckle_buster,us
xz9m0d08,Glitchy64,ae
18vpzd28,Alex_X8,cl
v81kq3lj,Hoobie,gb
v8l4pm4j,Toasterman95,ca
jop1q63x,WunderBearHD,us
kj9dk5ox,rooslugs,us
dx3q36kj,Violin,ru
0jmpgoj1,azder,ca
98r7m3j1,dassb,pt
v8lorqv8,FreshFreeze,us
jmp44zyj,SuperJackJack,ie
wzx700j7,XtremePrime,ro
jn39331x,beegsnee,us
68wpy74x,Curley,sg
jo3271lj,phlegraeanboi,it
zxzl408q,BillyBaka,ca
xk454g9j,Shady_I,fi
o86oe7p8,randalleatscheese,us
0jmdognj,dragonfly1989,de
7j4pd7mj,Rubiks37,us
e8ege6px,cambosteve,us
8eny4zd8,ecfyfe,us
qxkrgg98,Keylime,us
xz9lwde8,SALAMlToastBrot,de
x3qpn9kj,stakeclaw1,ca
qxkmn6j0,Gonquai,us
0jmg21oj,Aruide,br
8rp2engj,Lagility,si
pj07d3xw,RodrigoAndrade7,pt
qxkzv52x,Quibble,us
v8ldl1vj,Jerryixbp,us
qxkwz3kx,Toogs,us
j4rv2758,jacenat,at
8grp9pyx,kakikukeko1998,jp
7j4qylx1,Boohead86,us
qj22gwlj,Souturus,sv
8e9dvyoj,Hiuruki_Andre,br
j9213gv8,-Shiro-,ch
x3qk9yej,KingMedicine,us
5j5dern8,TiaDaCoxinhaBR,br
qj294e6x,comfyRana,gb
qjov5n7x,sagat77,it
x35237kj,Rivz,us
18vn67yj,Lumie,jp
18vp5ee8,bowtie1320,us
xz9rw598,xXJulianbrito_YTXx3,cl
8l00d928,VampireStrike,us
8wkkkvz8,Narlie11,au
xkmgqrkj,ResidentEmil,us
xz95l508,Crazy_na_rasslabone,ru
5j513d68,TRGMorty,us
8l43vqrj,Turtz_,us
j92rw4w8,Ffamran,gb
98rerdx1,DJSALTYNUTZ,us
kjp0g358,JosephJoestar316,us
8141rk58,Fuzzbananasat,us
8d4ez5m8,erHorhengar,es
18v60oex,KnightsOfVegas,us
qxko2698,Montra,us
j51ym7q8,TehTy,us
7j45o9wx,m_naue,br
jn37454x,polsvoice,us
o867w0jz,crisdoile2,mx
qxk9w168,ComfyVivian,hu
j42kkmlx,Meepcowz,ca
dx3po228,ReMeDee,us
qjn1ozw8,GTAce99,us
e8e6gpj0,Spiriax,se
qxkv6rmj,mammaru339,jp
18vm2y8l,skullspidey,ca
e8e0wrpj,swagmarf,de
v8l7wd7j,Shio78,jp
8ge09y2j,Dr_TrashPanda,us
j2yr6wp8,GangDuck,fi
y8dzl3mj,buggle,it
8rpdeq6j,Xxx_Harbinger_xxX,pl
v8l1rq7j,Peten_Pelit,fi
x35vqe6j,TessyBluez,us
jmok4kz8,Turk,tr
dx31gd78,SKY85,us
qjol3p0j,mrguyaverage,us
5j50ovnx,Iamacow,us
qj2g3yo8,Pyraq,pl
