vdo30odp,New Journey
5dw1qqlk,DuckTales 2
zd3vxl82,F-RNG
mkezme6k,Courses 11-20
vdo367od,Expert
824grmm2,All Cups
xd1m47d8,NG Good+ (Easy)
824rovgd,Any% No LSG
wk6jxlrd,100%
jdz3v0v2,Low% Normal
xd1r8o8k,Any%
8240oomd,Fox (Emu)
n2y66mdo,Cornell
jdr7o4l2,Gate Challenge
q258wpy2,Garden Ops
7dgn5wx2,Main Game
9d8vo6kn,Any%
02q9repk,100% (No CB)
9d863532,Core Luge
vdo0p9dp,UFO Ending
zd3lzoed,Boss Rush
zd36znvd,Extra Game
q25xlgwk,Puzzle Kombat (Any%)
xk9058vk,Any% (Advanced)
824rpggd,Ghost
jdro9q5d,GG%
wdmggxdq,All Treasures
q25x3zwk,Courses 61-70
xk9g86d0,100%
8246v8ed,Costumes
q253e58k,Magician
jdrvmen2,NG+ Weapon RTA
wk6wwwx2,Beat Bowser
7dg53l24,Any%
w20g5m5k,Easy
jdzwvzxd,Top Ride 100%
5dwezndg,"Bonus Circuit, max points"
n2y9zvmd,Flap (SC)
7dgr1llk,Quick Race
rkl9n0nk,256 Rounds
jdr8onk6,Race Time
824gzg25,Extra Flower Cup
9kvmg3kg,Chores & Credits
824x5nnd,Any% (JP)
z274wz20,Glitched
jdzrlx2v,100%
mkexvn9d,Special Mode
w20z7god,100%
n2yongmd,Klarrann
zdnxmxq2,Warpless
n2yjvz82,Greece%
zd3yjye2,Pro Circuit
rklywrdn,Any%
xk9nl6v2,Normal
zd3xwwvd,Darts%
9kvm7eek,3. Stunt Pilot
mkeo6vjd,Tournament
wkp5xwdr,Any%
vdol89dp,100%
7dg9p4gk,Match Race
mkezgjk6,Any% (MegaDrive)
wkp5y3jd,All Puppies (Legacy)
wdm4qr3d,Small Only
z27mv5g2,All Socks
xd14r58d,Minigames - Score
9d8xpg32,Zero Shot
vdopwv2p,6%
mke51nk6,Any%
9d8pnm6k,All Weapons Mode
zdnr58x2,Pirate Hideout
vdo45w92,Cheat%
rklgm4nd,"99 Rounds, Type A"
ndx4xw52,Individual Level Best Time (Blindfolded)
zdn8y3qd,Any%
vdoozydp,100%
zdnrpz72,Zombie Quests
xd1740zd,Arcade Mode (2 floors)
q257zl8d,Mario Party All Boards
z27lpogd,500 Stages
824x7z3d,Phil's Training (Easy)
02qg5nzd,Any% NG+
9d8vg7kn,Lightning Cup
5dwyy8ek,Prologue + Chapter 1 (NG)
jdrozond,Glitchless
9kvpgoek,"Any%, Warpless (JP)"
w20xp6v2,Unlock All Characters
zd3yeve2,Any%
pmkeq8k6,100%
jdz8vgdv,All Bosses
7dgv34d4,Max
xd1rwork,Wario Muscles
xd17lerd,Race (Console)
wdmze42q,Any%
n2y1e812,100%
9d8vvwwk,Any%
9d8pnz7k,DS Any%
wk6eywr2,Flap (Non-PRB)
7kj189xk,Max%
vdoo5ood,King League
9kvjpq3k,Veteran League
w20155kn,Any% No Reset Warps (JP)
jdz5lvdv,Air Ride All Tracks
zd3rvndn,Golden Axe
xk9l666k,Any% (SuperGrafx)
02qgo8yd,RCT1%
mkero09d,Ending 3
xk9ngxg2,3 Crowns
n2yoxoed,PC (3D) Any%
z278wok0,Any%
jdzprrgk,"Any% Princess Only, All-Stars"
ndx5jx1k,Unlock All Characters + Stages
jdz9xv2v,Special Cup
xd1r0wzk,0%
wkp3wzw2,1XX%
zd368rvd,Challenge Mode
q25q7v2o,Any% (No PW)
jdz7nwgk,Water temple
z27797o2,Individual Class Trials (NG+)
9d8vxn3k,Any% Luigi Only
jdrlx50d,Classic
9kvz93dg,100%
xd1j6xrd,Any%
zd36rryd,All Collectables
7dg9pzlk,Any%
xd130m7k,XFINITY Series
rkl5nq2n,Any%
wdmw0lo2,100%
9kvm4nek,100%
wdmzm32q,NG Good+ (Normal)
jdz9mrg2,Bowser%
q25ge98d,90 Minute Challenge
zd3y59v2,80 Dragons
xd1jlwzd,Shotgun Only
5dw99mg2,Air Revenge (X360/PS3)
jdrpx526,Special Cup
jdzvxgvk,River Survival
wdml46ok,Wonderswan
7dgmmn7d,All Giant Question Blocks
9kvynz8k,C Class
w20ve58k,Spike%
8240673d,Classic (Blindfolded)
z27gnrg2,No Starworld
q25gm4vd,Blindfolded PPW
xk9p6gxd,Glitchless
rkl3p4nk,No Major Glitches
jdzm8vkv,10 Missions
9d8p1qkn,Any%
z273vy0d,All Cups (New Game)
xd1w1828,Boss Rush
5dw9nnl2,Switchless
ndx03jdq,All Golden Tools
5dw6el02,Glitchless - Two Hole Check
8240133d,Skulls
jdrln0xd,Runback
jdzvwovk,Genesis / Megadrive
xk9gz66d,Stunt Trax PAL
z27o7e4d,Hard
mke5v6k6,Any%
jdz58gdv,Shell Cup
zdnqwlqd,Cheat%
rkljwywd,Beginner
xk9eggy2,Free Race
7kjzerxd,Arcade Level 2
z27l0lod,Arcade
jdzw7jxd,Acrophobia
xk9ll7vk,Any% (US)
zd3jjqv2,Lost at Sea Station
wdm55x52,Small Mario Only
wdmzz732,Single Levels: Difficulty Hard
rkllonkn,Any%
5dw5z0ld,Courses 21-30
ndxgnv2q,Genesis
jdz861rd,5 Hot Dogs%
ndxejg5k,Glitchless
9kv918j2,Solo +Pet +Consumables
7kjvv4k3,All Levels
9d8415qk,Chapter 1 Normal
02qgzp9d,Any%
ndxj4512,Any% Easy
824mewg2,Hard
vdool9dp,Time Attack
7kj75xk3,Prime
w20zm4vd,Hard
xk90404k,All Cups (Hard)
xk9wwey2,Poop Block %
wkp508vd,Any% (1p2c)
02qj33yd,Any%
rkljnynd,D Class
zd3x9rdn,Any%
n2ygn1e2,Any% Monotype
5dwplwnk,All Tracks
5dw66n2g,Time Attack
z27l45gd,0 Cages
vdooqodp,Any% All Stages Popkaless
7kjrz423,The Expotition
rklem5w2,All L.E.A.F. Quests
jdr9ey0d,Courses 71-80
z2773x42,Any% (PC)
9d834v72,NLE Cheat%
q25gnzyd,Time Attack
7kjv8mzk,Original
zd365vdn,Any%
wkp5rpvd,Monkey Race
z2763yod,Frog%
q25x93vk,Glitchless NG+
n2y1om82,Flashback 2
7dggr1pd,Claire A
rklq0n2n,120 Stars
7dgglz7d,Krazy Cup
7dggowxd,Retro Tracks
zd36x5vd,Climbing
02q8ngp2,Race
z27lplgd,Any%
vdo1992p,Any%
n2y1jm2o,Bumble-Buster
jdz3rog2,Mario Fireballs
vdoo63vd,Championship Monster Energy Series
zd3l6ovd,1 Player
q254r0yd,Champion Cup
02qvjxzd,1 Loop (Game B)
9d8q63dn,Any%
w20w0y5d,Championship Camping World Series
7dg66w4k,Time Attack
w20wqwzd,Knight League
9kv7qx0k,Background%
w20pg88k,Track Time
ndx9m0od,Rescue all POWs
xk98yv20,No Levels Early
824zymk5,Firebrand%
rklxmg8k,Full Race
7kjg4wzk,Any%
q25gz8do,Lightning Cup
n2ygy412,Any% No FC/CW/TS
xk9nv0x2,IM Fixed Seed
rklr3o6k,Meme Runs
jdz5orgd,PS
xd1rp34k,USA%
xd1v6zd8,Time Trial 1 lap
rkljyzqd,Race (PC)
02q48l9d,Beach Volleyball
q2531mvk,Forest temple
xk9ponvd,Arcade
7kjz4q3d,Race Mode
l9kv002g,All Levels
9d893l2n,Any%
jdr16mg2,Best Lap Challenge
5dw6z1n2,Course (PRB)
9d8xqq62,No Sequence Breaks
rklg9ndn,Any% No Major Glitches
mkelmxxd,Course (SC)
jdr1ww52,"Any% Toad Only, All-Stars"
zd3l8ydn,Any%
jdr7p1g2,Ending 2
7dg6l7xk,NG+
wdmw952q,Any% No Up+A
wkpo9g2r,100% No Up+A
9kvynokg,Any%
z277w742,Pro Supercross
rklr3xqk,Regular Game+
w20zvljd,Challenge Round
zd3ypy82,108 Best Badges
zd39ordn,Any% [PS1]
9d84q96k,Survival
zd3oe5yd,Flap (PRB)
wk6n38r2,Dwingvatt
rkl93z8k,Glitchless (US)
9d8pqzqk,Phil's Training (Advanced)
q254vzvd,100%
7kj153k3,101%
9kv9mv02,All Target Tests
n2y97edo,Festival Mode
xk98yny2,Golf: All Courses
rkljye8d,4%
z27m0o42,Konquest
zd3xzjyd,Solo Petless +Consumables
z27lgrgd,NG+ 100%
824j4lw2,Flower Cup
7kjr9nx2,Any% No W5
9d8g81lk,100%
5dw49qlk,Any%
w2081jdn,Any% Easy
xk9pgvd0,NG+
7dg9plpk,Fastest Time
5dwg39nk,Tournament Challenge
wkp9oj2r,Any%
zdnn51nd,Puzzle Kombat
mke5976k,Campaign 1
zd38l7vk,FF%
9kvpwr3k,Any%
mke9qexd,Fight Mini Bosses
7dg891p2,Any% Hard
7kj187xk,Best Lap
rkl39z8k,Ladder Match
9kv7n6jk,Dark Realm
jdrxj00d,Mercury
7dgxrgk4,NG+
zdnwx19d,Any% Normal
zd3vwor2,Any%
xd17z4d8,Warps
02q3n9zk,Any% (JP)
xd1gmzd8,All Gold Bolts
02q4lxzd,Individual Zombie Quests
7kjqoezd,All Modes
5dw4xvlk,Hard
8240zlwd,Solo Petless
wdm5yo2q,Any% Standard Ship
5dwr8l2g,Any% (Western Rules) Archive
jdrenl5k,Snow temple
n2yqo3ek,PSP
wkpyz0jk,SNES / Wii VC
xd11o4rd,Genesis
xd1m17d8,100%
zd3o6ndn,Original Cases (NG+)
xk9nr7g2,Rocket Board
xd175p4d,A Class
wk616zxd,Mini-Games
xd1738d8,Time
z27mv9g2,Stop 'n' Swop
zd3l0vrd,Elite League
5dwpx75k,Console
vdo5zjok,Story Mode All Worlds
p7kjox23,Sonic: Beat The Game
z2773z20,Bumble-Buster (Level 1)
9kv9x0o2,Max Stats
82460qgd,Ultimate Obstacle Course
824180w2,Sand temple
9d8jrv6k,Monster Energy Series
jdrp8w52,PC (TWN/CHN)
z27m0r52,Arcade (Standard)
jdz8wrvd,Dessert Course
mke90wxd,NG+ Octavioless
mke94xd6,Any% Glitchless
jdzenrvd,Any%
wdm47odq,Any% (PAL)
02q34mjk,Tails
zdnw60qd,96 Exit Goals
ndxjzxj2,All Courses
vdo59vkp,Gold Medal Standard Ship
wkpmjrjk,Hunter% (Legendary)
jdr7yyg2,All Exits
xd1p4wd8,All Cases (NG+)
z27750g2,Any% No S+Q All-Stars
02q34gzk,Clear Time
jdzzy3dv,All hard tracks
q253o78k,Heroic
xd1go7d8,Retro Cups
rkl3x0wk,Decathlon
9kvp410k,Katana Only
jdrx75d6,Glitchless
7dggr7ld,Any%
mkezj9k6,100% Popkaless
wdmy14dq,1 Loop
mkeo9r9d,GBA
zdnrwgn2,Any%
wdmqp542,Any% Glitchless
02qlzv7k,DOS
wdmx7ook,Normal
xd1r8e4k,Second Quest 100%
7wkp1gkr,120%
z27qx5k0,Any%
7dgyngd4,No Levels Early
7kj88gxd,All Wiki Upgrades
02q4qwyd,Harp
wk600xek,Air Revenge (PC)
mke9y4xd,Aspharr
wdmq7q32,All Class Trials (NG+)
z27w7ok0,Time Attack
5dw985l2,NG All Bosses
wk6orxk1,Any%
n2yqqm1k,Single Levels: Difficulty Normal
wdmxg74k,Complete Level
9kvp463k,Silver Round
xd1m0l4d,All Speed Trax
5dwjgj5k,Any%
9kvpjg3k,Any%
9kvpv10k,Hercules Cup (Proud)
824gw1n2,Reverse All Cards
02ql6pky,Any%
zd38xo8k,Any% [PC/DC/N64]
q25xl7jk,Chess Kombat
wkpv0v0k,London Party
jdz5l5rd,Pro National
02q3yezk,All Normal Levels
02qj7eyd,GCN
zd38v6yk,Portal%
w20vj3jk,Low%
7kj39642,Myifee
w20gl68k,Normal
ndx1qzr2,Story Mode
w20peokn,NG (Easy)
z271ql42,Glitchless
mkexnnd6,Any% (No WW)
9kvzl0dg,Gym Leader Castle Round 2
z277yr42,"100 Lines, Level 0 Start"
wdmolekq,Story Mode
z27r354d,Any%
xd117r7d,Any Slingshot
wdm6w4kq,Best Lap
824x79ed,Any% Normal OldDark
jdr937nd,Dog%
wkp5ggwd,Chip 'N Dale
9d846wwk,Shutterbug
5dw6l3e2,No OoB
xd14pwrd,Course (Non-PRB)
rklq882n,Golden Rod
zd374e82,Longest Path
mke069d6,Swordless
xk9nr9y2,Survival
rklq1l62,Any%
ndx8lw1k,Medium
824jjon2,Arcade (NHPT)
zdnn80qd,Variety%
q25m1p8d,100%
824mzl32,Lover Not a Fighter
7dggn7pd,Any%
5dwp9lkg,Best Ending (97%)
xd17o9wd,Special Cars
9d8n06dn,New Game +
9d8ee36d,100%
z276jggd,All Courses (Main Game)
9kvxzqe2,Act 1
z27m9lz2,Any% NG+
z27g8mo2,Balloon Attack
wkp597vd,SMB1 Challenge
02q9wjky,Any% (J)
9kvpn48k,100%
7dgmj44d,All Stadium Events
wdm8r442,New Game+
xk9lj6k0,Port Royal SB Time Attack
q253wn8k,All Dungeons
wdm8x3e2,Any%
5dwl8l2g,100%
5dwpynkg,Cargo Climb
rklpn8dn,SNES
7dgglrpd,PSP Any%
7kj15n4k,All Unique Stunt Jumps (PSP)
q258yjg2,Perfect Ending
7kjgwnk3,Japanese
xd1mjmzd,Amateur Circuit
zdn14pxk,100%
vdo58j1k,Solo
9kvxg32g,100%
824p6pw2,Restricted Cheat%
mke9068d,Arcade
w20pjw5k,Pizza%
7dg5eng2,Inphyy
7kjo4642,SNES
zd304lrd,Best Lap
zdn5redq,Low%
jdr7gy02,Rowing Crew
jdzv14xk,Heroes in Another Dimension
zd3ovnnd,Any% - Three Hole Check
02q36pky,Extra Mushroom Cup
zdn1qqek,Ending 4
5dwn00dg,Warpless
4xk9wy20,Tails: Beat The Game
q25qrpw2,Venus
w20zp85d,Jupiter
9kv7x93k,Mastery
8241xz32,All Races
5dw3vg2g,Goofy
jdr9mzld,Songs for the Dead
9d8ezqld,Freedom
7kjp0nnk,Regular Game
vdo34v6d,IM Easy
02ql61pk,Challenge Road
q25ow8gk,Normal Mission
lvdo8ykp,Any%
q253038k,100%
xd1r4vrk,Low%
z273yr4d,Jungle RTA
zd37zv2n,Warpless
r02qpjdy,105%
vdo14go2,Bidoof%
rkln9w2n,100%
ndxepokq,Any% Difficult
824xq9wd,Yoshi Eggs
xd11554d,Glitchless 100%
xd117jzd,Any% - PAL
jdz5w7gd,Any%
wdm9q5ek,Single Track
wdmqlee2,All Rounds
z27rqz0d,Arcade
jdr18x26,Any%
jdrqjlxk,Speedrun
xd1g9w8d,Chapter 2 Normal
rkle9482,00 Agent
824xl03d,100% (US)
wdmer32q,Game Gear
zd3ymr2n,Any%
w20zl5jd,Any%
xk9j86d0,Story Mode
z27rzgd0,Mushroom Cup
9kvj390k,New Game Easy
5dw7g6ek,100% [PC/DC/N64]
n2yw3zko,Normal + Hard Mode
vdog862p,Frightmare
wdm6p5xk,Exalt Tutorial +Pet
xk9rxv6k,VigkVagk
q254qvdo,Star Cup
9kvvy8kg,Any%
ndxmyj52,Normal Ending
vdo86qvk,Dreamcast
ndxpjev2,Rookie League
n2yo0rmd,Any%
7dg90plk,Single Stars (Luigi)
zdnqp0nd,"300,000 Points"
824xregd,Low% Hard
9kv9y02g,All Parts
w20z85dn,Any%
9d8gerwk,Arcade Mode (5 floors)
wdmom4kq,All Gold Bolts
mke5mljk,PC
9d83wql2,Rooster
02qj4pdy,City Trial Any%
9d83x0q2,LASO
zd3vm6n2,Glitched
7kjv6lnk,100%
xd1r98k8,All Missions
ndx51rok,Any% Normal Mode
vdojy92p,Amiga
ndx80v5k,100%
xd1vey8d,All-Star (Blindfolded)
8247ee25,PJ%
zdnrp0n2,Desert RTA
7kjyy4k3,Henry
5dwp5v0k,Cheat%
xk9ew620,Glitchless
824g7wg2,Debug%
mkeqxrxk,NG+
xd1mp1zd,Bad Ending
7dg4mr4d,Starless
zd396vdn,100%
jdz9og62,Exploration level 12
wk6nm6e2,Alternate Round - Any%
5dw4lwek,Extra Arcade
zd3w7nnk,Any%
jdrpgg52,All Puppies
q25e6xv2,All Cups
5dwyroek,Risky Mode
zd30nndn,100%
824jx3w2,Death Any%
xk9j38yd,Ending 1
wkpoqv2r,100% Popkaless
mkeo598d,Story Mode Singles
wdmxw6ok,Time Attack
jdrx5eld,All Tokens
7dggp0gd,Playstation
q256ryko,All easy tracks
zdnqrvnd,100% (PC)
jdr4zg26,All medium tracks
rkl3r58k,No HD
5dw4yx5k,IL
9kvyyl3k,All Sports +
wk6068rk,Arcade
vdoqr89k,Forest Temple
n2y5em8k,Any%
z27mx502,All Masks
n2y79n82,All Magicians
q254oe8d,Any%
7dgmxq4d,SMB2 Challenge
9zdn0e2q,100%
7kjoxog2,All Badges
wdm4ge5d,Shantae Mode
xk9g70yd,Courses 51-100
wdmmgodq,100%
wdmw08o2,Championship XFINITY Series
5dw5l40d,Consecutive LZS Jumps
zdnw1led,Any%
vdoo7q9d,All Achievements
9d8vy3kn,Top Ride Any%
zd3oz9rd,Execution
9d8gj66k,Survive% (No Wall Glitch)
xd1vle7d,All Levels
ndx1lor2,Stage Complete
5dwlwg2g,Second Quest Swordless
9d8o8e72,SNES
xk9038yk,RTA
w20n0odn,100%
q25j19gd,"Fastest Time, No Assist"
zd3lgy8d,Camping World Series
5dwjvy0k,Eight Silver Medals
7dg714d4,Any% 1P1C
wdm80j42,Extra
5dw9gz52,All Missions
02qpjx7d,All Courses (Demo)
7kjv3yxk,1 Loop (Game A)
xd1elnz2,1. Hedge Hopper
jdzrg32v,Arcade
9d8xle72,Tower of Spirits
jdzlw4r2,Any%
vdo93vdp,In-game time
z27o39od,Individual Levels
xd1rw4k8,New Game
xd1gn18d,Boss Rush
zdn8q7nd,Unrestricted Cheat%
xd14ee4d,Time Trial
zdn4npqk,All Blueprints
7dgyx4d4,Cheato%
9kvxo4e2,Low% 2nd Loop
824rjrwd,Any%
02qgn6zd,Jungle Slider
wkpoy0w2,Time Attack
xk9p1v6d,Genesis
9kvn60dg,Any%
ndx3lyjd,EMU Any% Glitchless
9d8yx5wk,Handgun Only
mke5zw6k,Chris
vdo045vd,Any%
wkpv0z8k,Single Stars (Mario)
xk9l1rvk,100 Lines
ndx8jerk,Mars
9kvyon8k,Any%
rklx738k,Gold Round
z27qj5k0,Beat phase 12
wkpy480k,Nitro Tracks
wdmqx7o2,Detonator (X360/PS3)
xd13pork,AlienCar%
9kvm7q8k,Damageless
5dw9qn2g,Single Segment
02qprvyd,Fire temple
824pggw2,100%
02qg44yd,All Missions
7dg077k4,Any%
ndx3nnrd,All Modes
9d83zy72,Solo +Pet
zdnqo5qd,All Levels All-Stars
wdmzyj42,Sega CD
7kjpz4zk,1 Warp
wk6zox21,Any% (No Credits Warp)
zdn1o9qk,Magnum Route
wkpj1wwk,Top Ride All Tracks
9d8eonld,Exhibition
7dgn1x72,Verum Rex
xd1oork8,Any%
9kvxrv82,Vortex
824nro3k,Individual L.E.A.F Quests
7kjpejnk,Guest Star ???? Star Allies Go!
wk6vqxd1,Any%
xk901jgk,Story Mode Any%
5dwg4jnk,Any%
xd1ezz72,Any% [NoBirds]
9d8v6l3k,All Crystal Stars
rklvgr8d,20 Masteries
jdz5v8gd,Any%
xd1384zk,Claire B
7dg5ogp2,Arcade
ndxe3yjk,Detonator
w203onv2,Individual Level Best Time (with mods)
zdnn507d,Arcade (Max)
q25m6ygd,Nuzlocke
xd14zywd,Lockdown
q2547njd,100%
mke6yjd6,Arcade
z276jood,Training
jdz7pxkv,New Game Normal
7kj3el42,All Characters
q25onmgk,The Duel
wdmv6ped,Challenge Mission All stages
q254w9vd,Time Race
9kvm4qek,Pacifist
zd3yjv2n,100%
7kjqr73d,Balloon Trip (Rank 1)
rklxw08k,Low%
rklgy96d,Act 2
7kjvevnk,All Cups (Medium)
02qggyzd,All Captains
9d8yxx3k,Star Pieces
7kjpw5xk,Courses 1-50
7kjpw44k,5 Golden Lil' Oinks
7kjgllxk,Darkwing Duck
q25ge58d,All Categories
jdzw6qxd,Original Edition - 1 Loop (Game A)
xk9porxd,Arcade (Any%)
ndxqy5kq,100%
jdz7yerk,Any%
xd1qzr28,Golf: 9 Holes
9kvv63kg,112% [PS1]
wkpjvgwk,Any% Normal
n2y1l8z2,Glitchless
vdoxo4yd,Fast Free Races NI
n2yq0qzk,All Cups (Easy)
mke49ox2,NG+ Any%
wdmxy43k,Any% No Major Glitches
824g7n25,Any%
zdnrw8q2,Normal
z273yw5d,L.E.A.F Quests
jdrqplgk,Speed Golf
xd1j37wd,Mini-Game Mode
rkl638kn,Any% [PS2/GC]
7dgn8q72,Orienteering
wk6n46x2,Very Hard
xk9jovgd,Whip Race
rklro5qk,Level 20 Petless
wdm4qe4d,Championship
xk96yyk0,Maria Only
wdmw5w42,Queen League
n2y148e2,Rumble Racing
w2039qv2,Exalt Tutorial Petless
xd173wwd,All Checkmarks
q254j4jd,Pro Rallycross
gjdregk6,Any% (No Item Glitch)
w201vvkn,Advanced
02q3qnyk,Any% 1p2c (PAL)
jdr5xxk6,20 Missions
z2716302,Individual Games
q2586ej2,Any% Solo
824xwoed,Katana Only
w20ygwvk,Treasure Hunt (1 vault)
02qoxpky,Any%
w201wx5k,Village Any%
ndx1yqj2,Advanced
zd309xrd,Beginner
824g7l32,100% (JP)
vdolp6dp,Bronze Round
5dw5p10d,Any% Swingless
zdn1x9nk,All Objectives
9kvxxg32,Best Ending
5dwjjw5k,Any%
xd13qmwk,1 Coin
02qx7zky,Any%
zdnrw1e2,Any%
jdrprpn2,Amateur National
q253yxjk,Any%
wk6eer21,Race
vdo07jyd,Any% Princess Only
wk6j1rd1,Poster Duty
mke9786d,Normal
wk6j4vod,Emulator
z276ozd0,Any%
9kvx8xe2,P2P
xd19l4k8,99%
z275ngk0,No Obvious Glitches (NTSC) (Legacy)
xd1r9v4k,Defeat Magus
ndx9plod,Any%
zdnrgn72,Any% Glitchless
jdz5603d,PSP
mke44wn2,Normal Slingshot
xd1l1nwk,All Courses (Main Game + Demo)
wdmzx952,Fastest Lap
02q9p6zk,Courses 91-100
w20w0p8d,Bad Ending
jdzpxexk,Any% Glitchless
7kjr3lx2,Race (PC)
zd388mek,All Races
mkeqly6k,Damageless
02qg71jd,10.2 Star
8246zqwd,Glitchless
vdox419d,Alt. Controllers
wdmxey5k,Hard
9d863jq2,Friends to the End
9kvpeqek,Finish
rkljy4nd,All Events
9d84y36k,Boss RTAs
z279ggd0,Echoes
vdoo4qyd,Alternate Round - All Bosses
wk6jn4xd,Campaign 2
zdn9ee2q,All Tracks
wdml19xk,TZA - Switch
wk6pp4pd,Single Levels: Difficulty Easy
n2y3lw8d,Mario Party
ndx71j2q,All Zones
02qjoydy,Banana Cup
zdnzmp9d,Any%
ndx967od,Multiple Games
jdz506dv,100% (PSP)
5dwpye0k,Any% Mario Only
7dgn73p2,Easy
ndxmwv2q,Golden Net
wdm83eo2,All Rampages (PSP)
zdn1q3nk,Extreme
wk6p61pd,Nine Gold Medals
7dgr54k4,Any% Popkaless
xd1mwy4d,Cheat%
wdmx4oek,Knife Only
n2yj0182,Arcade Level 1
jdz5y4rd,NG+
q25v78do,Any% NG+
wkpox8g2,BHS x100
q25855v2,"Any% Luigi Only, All-Stars"
w20yn8kn,All Levels
9d84z3kn,Extra Lightning Cup
zdnq339d,Any% (Arcade)
7dg0nylk,World Run
wk61y6rd,TZA - PS4/5
7kjz433d,Europe RTA
7dg9nxk4,Gym Leader Castle Round 1
vdo4my2p,32 Tracks
9d8jo6kn,Any%
wkpj47gk,Any% UFO
7kjq55nd,3 Stars
9kvxgeo2,100%
02qmzpzd,100% Richter Only
wk604jek,JP Version
vdo4pv2p,Jet Graffiti
02q3mn7k,First Debt
jdzw8mxd,Adventure
ndxm69o2,The Ultimate Choice
vdomvz12,TZA - Xbox One
w20ze5dn,Jet Flag/Dash
wk6o43rk,Any% No RNG
z27grqo2,2nd Loop
7kjr37x2,Campaign 3
ndxjzj2q,NG+ Any% (No Item Glitch)
7dg03vpk,All Objectives
n2yexgmk,30th Anniversary
824xylgd,Speed Golf Front Tees
9kvxpjj2,15 Puzzle%
02q9jwzk,Turbo NG+
ndx87gok,Platinum Round
824png25,Air Ride Any%
wkpjy5wk,All Bosses
5dwj0n0k,Any% No OoB
rkl3qjnk,Low%
5dwpz0kg,Pacifist (J)
rkle7r82,Time Attack
zd3jz82n,100%
5dw6vel2,Any%
zd383vek,Race Edition
7dgg5pgd,New Game + (JP)
lvdog92p,Time Attack
9kvovzo2,Weapon Master
jdrl740d,Air Ride 100%
7kjqry3d,Easy
zd3y882n,All Cups
wk67ymxd,Courses 31-40
5dw8jgdg,Grand Battle
9d8qj3dn,Any%
zdnx9rx2,Round 1
zd3x7ndn,Pay Off Debt
02qvp0zd,LASO
ndx4v312,Level 20 +Pet
7kjqlxzd,Whip Only
xd1317k8,Any% Popkaless
wdm8vro2,All Stamps
xd14198d,Any% - Two Hole Check
jdr93v0d,Puzzle Kombat (Standard)
n2yq1ozk,Story Mode All Tourneys
7dgm7z4d,Monkey Golf
9d84vwkn,NG+
jdz7963k,Glitchless
zd361gvd,Crash%
7dgn6672,Time Trial Race
5dw5pmgd,All Happiness Objects
7kj69rg2,Collect 'Em All Monotype
wdm9wekq,All Monkeys No IJ
wkp0eww2,any%
mndxlvdq,100%
xk99z6k0,Beat the Champion
wk613ned,Any% No Abilities
824pw1g2,NTSC
q25qm582,Table Tilt
zd3j482n,English
jdz814xd,Moon
7dgrjl7k,SoapCake%
zdn8mynd,All Training Missions
vdo33y9d,Superstar%
02q3wjky,All Characters
37dg47d4,Any%
mkelv7nd,Cage Match
jdzpxv6k,High score
02q8py2y,Any%
02qolyky,100%
gq25ovko,Any%
z273gq5d,3D Classics - Any%
q25qzvy2,Regular Cars
zd30q3vd,Any%
zd38yxrk,Any%
wdmx33kq,Best Time
w20p6p8k,Time Trial 3 lap
mkeon9d6,All Missions
w203w182,All Games
z27m4gz2,All Beginner Categories
xd1e8q82,100% Glitchless
vdoqg9vk,Atomic
5dwpqlkg,Souls%
ndx1n52q,Main Story
jdrvyx26,Star Cup
vdoowvod,Any%
wk6gyrd1,100 Points
z274lrg2,Arcade (HPT)
9kvlq02g,Golden Watering Can
n2yglem2,Golden Fox
xd141qwd,Royal Rumble
jdzlpv62,Card Party
w203wz2n,Best Time
02qovepk,Obstacle Course
9d8j8r3k,Normal
jdz5vj6d,100%
jdzpovkv,All Stages
zd3xww8d,Demo Any%
zd3538kn,Ending 0
wk6pnoed,PS1
vdoqv5ok,Any% Any Ship with Upgrades
824mxqn2,Boss Rush RTA
xd1mj4d8,City Trial 100%
rklgm8qd,Easy
mkeowp8d,Most Trophies
z274emz2,Any%
rklx53wk,Any% (Beginner)
rklqwxr2,Best Ending
zdnnxg7d,Courses 51-60
82470n25,100%
9kvo6j2g,Trials
xw20mokn,Any% No IJ
02q4vx7d,100%
vdo8x41k,Game Over%
w20ej5dn,Any%
7dgg6qgd,100%
824p19g2,Any% Toad Only
ndx3xrdq,Any%
rklxlewk,Any%
7kj3vn42,Perfect 10
824p6w25,Leaf Cup
5dw76nlk,Reverse Cages
rkl56n2n,Any% Standard Ship No Upgrade
9kvm4j8k,Any% Memory Corruption
02q35qpk,Any%
jdr7y3x2,Partner Party All Boards
824r09gd,Arcade
7kj7y4k3,Golf: 18 Holes
n2y5e1ek,Low% (J)
z2776z20,Flower Cup
mkezw3nk,Time Trial
mkez1pxk,Stunt Trax NTSC
xk9lg6k0,Mushroom Cup
w204l8kn,All Events
ndx15nr2,Pro Class
02q307yk,Splatoon Extras
9d89ew2n,NG+
mke5jxk6,Mail Delivery
xk98myy2,100% (Any Car)
wk6j0zpd,Any%
nxd15w28,Any% No Early Ripto
jdre695k,All Base Scenarios (OpenRCT2)
02qlv7pk,Master System
mkero9d6,All Parts
7dgrpzpk,Courses 1-10
wkpwevdr,Goofy
824ovmd5,Any%
vdo03pvd,Any% Easy
5dwylqgk,All Happiness Objects
9kvj7jkg,100%
9d8gzm3k,All Gems
9kv6pn02,Minigames - Time Decreasing
02qge7yd,Peach Monarchs
wdmw1642,All Unlocks
wk6jzmqd,Hyper Cup
rklqv162,4. Flying Ace
w20zj3od,Any% (NG+)
z27301od,Goron Target Range
jdrpj7x2,Any%
wdme852q,Arcade Mode
824xmy3d,RTA (Luigi)
q259o8ko,Corruption
9d8vr0qk,Knife Only
mkexjznd,Crazy Targets - Solo
ndx8qeok,Act 3
9d86gp72,Finish (Emulator)
ndx5gx5k,NG+
ndx1q012,Hero (PC)
rkl3jn6k,Adventure (Hyrule RNG Code only)
rklg0ndn,Any%
zd37qev2,B Class
ndx3p9vd,Pixel Remaster Any%
zdn419kq,All Cards
wdm8r52q,100%
7kj1y1gk,Flash Tracer
zd3lryrd,ILs
7dgm9nld,Single Boards
zd3681ed,2. Crop Duster
z27rj7od,Delve level 500
jdz9l632,Sonic
zd3o0qnd,Minigames - Time Increasing
824x41nd,100%
xk9lr9yk,Detonator (PC)
xk9p986d,Any%
824n8wk5,100% (N64)
q25orrvk,Beat the Event
wkpjg8kr,10 Star
wk6pjnqd,Story Mode 100%
wk6no3p2,Any% Expert NewDark
7kjzvznd,IL
wkp551gd,100% Lite
jdz1l6kv,Rocket Launcher
wdmve43d,100% Emu
jdz3mxx2,Vine Jump
wkp9nnw2,All Level Spatulas
vdo48pv2,All Detonators
7kj6pg23,Time Trials
zd3wzvkn,Extra Special Cup
9d81x3kn,Any%
zdnrp1n2,All Best Lap Challenge Levels
z27xogd0,Any%
lvdo96dp,Grand Prix
rklzg82n,100%
mkeo3xnd,Lunar Dragon
02qlejky,Any%
9kvqlodg,100%
jdze7xxd,Courses 81-90
9d845pqk,Any% [FDS]
xk90o7xk,All Gold Bolts
jdz9mz32,Extra Time Attack
z271vlz2,Any% (JP/Glitchless)
n2yeov1k,Moves & Tokens
5dw14onk,Legacy solo
7kjmqxk3,Any% (No Glitched Jobs)
mkeqo7jk,All Levels
zdnnwnnd,"All Levels """"""NG+"""""""
ndx890rk,Race (X360/PS3)
824le0wd,30th Anniversary
02q4rydy,Any% (N64)
jdrxlwxd,Ski Slalom
jdzl6ev2,Arena Boss Rounds
w20w88dn,Any%
zdnql7ed,PlayStation (JP)
xd13o04k,Easy
mkez5g9k,Deathmatch
zdnqzqnd,Amateur Rallycross
xk9v48vd,Any%
jdr1m802,Low%
zd3wn5nk,Chapter 3 Normal
xk9l5oyk,Any% All-Stars
mkez638k,Beat Chapter 1
8240e13d,Platinum%
jdr9lvxd,NewSave%
ndxplpo2,Both Loops
zd3lqjyd,Hades Cup (Proud)
ndxp0r12,New Game +
jdz3og32,New Game (Escape Ending)
8246zewd,PAL
wz27r0d0,Any%
7kjqz7zd,Highscore
ndx551kq,Flight
7kj377n2,Stage Badges
xk9lwlvk,Amateur Supercross
w20xjnz2,Any% Axe-only (Arcade)
9d836qq2,Adventure (Blindfolded)
7dgnzwx2,Challenges
n2y344zd,Any%
7dg54x24,Master
rkl95wwk,Race
824l8qgd,All Level Spatulas (No CB)
9d83roq2,No SBA
n2y79m82,Best Race Time
zd3xwyyd,All Main Collectibles
vdo5lvkp,Any% NG+
q25lg8ko,RTA (Mario)
xd1r8gwk,All Levels
zd3054yd,Bowser Monsters
7kjp14k3,Any%
9d8x1ew2,Coin Time Attack
wk6166rd,Ring Attack
9d8gyo7k,All bonus tracks
7kjvr3nk,Story Mode Doubles
mke0r6d6,All Star Tournaments
z27o6yod,Pet Rescue
5dw59edg,Second Quest
xd1evw42,Balance Bubble
q2540wdo,Sora's Story
9kvj4o3k,SuperCar%
z27g0j52,SpeedrunRT
z27lmw0d,Max Upgrades
7dgrpngk,All Cups (NG+)
02qjqzdy,Riku's Story
9d8p4o6k,Meltdown
vdooev1d,Speed Trax NTSC
7dg40ypd,Darkness
q25owo8k,Six Bronze Medals
5dw8pgdg,Any%
ndx45752,Arena Timed Rounds
9d8pn06k,Glitch-less (NTSC) (Legacy)
l9kv332g,Any%
zdn0l0e2,100% NPG
z27rv9gd,Any% [NooB]
q258w7j2,All Master Level Events
wkp03zj2,Challenge Mission
5dw533ed,Any% Expert
zdnq7qxd,Individual Chapters (NG+)
xk9l3y4k,Premium Cup
w20g1mjk,100%
mke9mzjd,Arena (Normal)
q257ywwd,All Bloops
z27355zd,"Any% Mario Only, All-Stars"
9d85oqdn,Mayahem Temple 100%
wdm3x3kq,Any%
z2774902,Master System
vdoz8x9k,100%
jdz8o5rd,All Collectibles
z2777j42,"Any%, Warpless (US)"
w20vee8k,All Possible Items
wk67jexd,Time Attack
w20vgq5k,All Dog Tags
z27wg44k,Turf Takeover
02q9wvyk,Arcade
ndx8x9vk,NG (Knife Only)
5dwg5yek,Game Guides
n2y5z48k,Courses 41-50
9kv81odg,Any%
mke437x2,Shiny Hunting
w20gvv8k,All Dungeons Restricted
02q6qjky,Normal Ending
q2575wyd,Get Panties
zd3707v2,All Bosses
xk9wlg20,Bonus Circuit
mke4emx2,Any% No BiT
9d8y86kn,Any% No LSS
wdm8qoe2,Infinity Mission
rklglznd,Any%
02qxxyky,Carrie
9d8486kn,Nitro Cups
wkpj5yjk,Silver Evo
jdz44gkv,Reinhardt
7dgn6x24,Best Ending Glitchless
xd1g498d,All characters
mkexww6d,DuckTales
7dgrn7pk,PSN
7kjovo32,All Treasures
824lpe3d,Turbo All Cases (NG+)
w20gqzzk,All Socks  (No CB)
ndx9yo1d,Challenges
7kjzj6zd,Take 'Em All On!
5dwp4xlk,Flashback 1
zdnq06nd,All Level Spatulas
xd17pn7d,Levels 11-20
n2y7472o,Any%
wk679jxd,No Damage
mkex7e9d,Monkey Boat
z27304d0,All Debts
jdzr4g2v,100%
jzd3gn2n,Any%
q25368gk,Round 2
xk90qryk,11 Exit Goals
824m7xg2,Fastest Lap
9kvjq53k,Operative
xk9j1rvd,Arctic RTA
xk9p89vd,IL
wk68vze2,Hero Mode Extras
9d8o1jw2,Crash The Game
824png32,20 Rounds
vdozvykp,Any%
z273g1gd,Beginner
7kjop323,Any%
02qg9vzd,Any% (US)
wkp1g9gk,Frozen Slider
9d8gzlkn,100%
jdrpz0n2,100%
jdzw443d,Max Power
9d8p587k,DK Wilds
q25j0wvd,100%
824plzg2,Car Crusher
7dgpygd4,Any%
9kvp50kg,Any% Hero Mode
xk9jv1yd,Any%
w20pjzkn,NG+ 105%
q25jolyd,PC (Pixel Remaster)
q258o7y2,Fox
wkpye0vk,50 Rounds
xk9golyd,High Score (No Star Blocks)
ndx8erkq,100% No Major Glitches
prklm8dn,All Monkeys
vdoznqok,Emulator
9d8p7o3k,Speed Golf Back Tees
9kvlx32g,Any%
zd3vqqv2,Any% No Major Sequence Breaks
rklevq2n,Beginner
9d8ov8q2,Turbo Original Cases (NG+)
wk6eg5p2,Glitchless - Three Hole Check
vdox0pod,Talk to Yerbal
5dw4ngnk,Tyurru
mke44g92,Extra Time Attack
9d8vgg7k,All Bananas
q25gvmwd,Octo Expansion Extras
wdm5rl52,Any% [No RNG Manipulation]
vdoqm1kp,Expert
xd1egxw2,PC (JPN)
zdn0gq2q,Flower Cup
5dw1790k,Cups
824g0w25,All characters trials
n2yg0772,Any% No Walljumps
zd3ovrrd,King of the Ring
7dgm11pd,Chip 'N Dale 2
rklq44r2,Jill's Diary
9kvx4l02,Default Souls
zd37mgv2,Time Attack
5dw48n0k,Any% Normal NewDark
w20y0ozk,Plus
z276080d,TZA - PC
7dg909xk,Olympic Events
wk61vrd1,Ultimate
xd1emqz2,Warpless
ndxnejkq,No DCW/BC
w20g7vjk,Escape RTA
wdmwxp32,Any%
5dwgpvgk,Collect 'Em All
ndx8lzrk,"99 Rounds, Type B"
wk64qrd1,All Sports
5dwjoonk,All Boards
q25o63gk,All Missions
zd36m6ed,Golf: 3 Holes
zdnn7x9d,Glitchless
824g74m2,Team Battle
wkp3482r,Magirock%
